eventdate,incidents,post,sea,sf,dayofweek,marijuana,month,year,mo
0,1,0,1,0,Sat,0,Jul,2010,7
1,2,0,1,0,Sun,0,Jul,2010,7
2,1,0,1,0,Mon,0,Jul,2010,7
3,#N/A,0,1,0,Tue,0,Jul,2010,7
4,1,0,1,0,Wed,0,Jul,2010,7
5,4,0,1,0,Thu,0,Jul,2010,7
6,8,0,1,0,Fri,0,Jul,2010,7
7,11,0,1,0,Sat,0,Jul,2010,7
8,7,0,1,0,Sun,0,Jul,2010,7
9,5,0,1,0,Mon,0,Jul,2010,7
10,5,0,1,0,Tue,0,Jul,2010,7
11,6,0,1,0,Wed,0,Jul,2010,7
12,4,0,1,0,Thu,0,Jul,2010,7
13,7,0,1,0,Fri,0,Jul,2010,7
14,4,0,1,0,Sat,0,Jul,2010,7
15,4,0,1,0,Sun,0,Aug,2010,8
16,4,0,1,0,Mon,0,Aug,2010,8
17,4,0,1,0,Tue,0,Aug,2010,8
18,2,0,1,0,Wed,0,Aug,2010,8
19,6,0,1,0,Thu,0,Aug,2010,8
20,3,0,1,0,Fri,0,Aug,2010,8
21,7,0,1,0,Sat,0,Aug,2010,8
22,8,0,1,0,Sun,0,Aug,2010,8
23,8,0,1,0,Mon,0,Aug,2010,8
24,7,0,1,0,Tue,0,Aug,2010,8
25,5,0,1,0,Wed,0,Aug,2010,8
26,4,0,1,0,Thu,0,Aug,2010,8
27,7,0,1,0,Fri,0,Aug,2010,8
28,8,0,1,0,Sat,0,Aug,2010,8
29,11,0,1,0,Sun,0,Aug,2010,8
30,2,0,1,0,Mon,0,Aug,2010,8
31,6,0,1,0,Tue,0,Aug,2010,8
32,3,0,1,0,Wed,0,Aug,2010,8
33,1,0,1,0,Thu,0,Aug,2010,8
34,2,0,1,0,Fri,0,Aug,2010,8
35,7,0,1,0,Sat,0,Aug,2010,8
36,5,0,1,0,Sun,0,Aug,2010,8
37,4,0,1,0,Mon,0,Aug,2010,8
38,2,0,1,0,Tue,0,Aug,2010,8
39,6,0,1,0,Wed,0,Aug,2010,8
40,8,0,1,0,Thu,0,Aug,2010,8
41,5,0,1,0,Fri,0,Aug,2010,8
42,4,0,1,0,Sat,0,Aug,2010,8
43,6,0,1,0,Sun,0,Aug,2010,8
44,7,0,1,0,Mon,0,Aug,2010,8
45,11,0,1,0,Tue,0,Aug,2010,8
46,5,0,1,0,Wed,0,Sep,2010,9
47,4,0,1,0,Thu,0,Sep,2010,9
48,4,0,1,0,Fri,0,Sep,2010,9
49,8,0,1,0,Sat,0,Sep,2010,9
50,10,0,1,0,Sun,0,Sep,2010,9
51,5,0,1,0,Mon,0,Sep,2010,9
52,#N/A,0,1,0,Tue,0,Sep,2010,9
53,#N/A,0,1,0,Wed,0,Sep,2010,9
54,3,0,1,0,Thu,0,Sep,2010,9
55,3,0,1,0,Fri,0,Sep,2010,9
56,6,0,1,0,Sat,0,Sep,2010,9
57,8,0,1,0,Sun,0,Sep,2010,9
58,5,0,1,0,Mon,0,Sep,2010,9
59,9,0,1,0,Tue,0,Sep,2010,9
60,2,0,1,0,Wed,0,Sep,2010,9
61,4,0,1,0,Thu,0,Sep,2010,9
62,6,0,1,0,Fri,0,Sep,2010,9
63,8,0,1,0,Sat,0,Sep,2010,9
64,9,0,1,0,Sun,0,Sep,2010,9
65,#N/A,0,1,0,Mon,0,Sep,2010,9
66,#N/A,0,1,0,Tue,0,Sep,2010,9
67,3,0,1,0,Wed,0,Sep,2010,9
68,2,0,1,0,Thu,0,Sep,2010,9
69,3,0,1,0,Fri,0,Sep,2010,9
70,5,0,1,0,Sat,0,Sep,2010,9
71,17,0,1,0,Sun,0,Sep,2010,9
72,2,0,1,0,Mon,0,Sep,2010,9
73,2,0,1,0,Tue,0,Sep,2010,9
74,4,0,1,0,Wed,0,Sep,2010,9
75,2,0,1,0,Thu,0,Sep,2010,9
76,11,0,1,0,Fri,0,Oct,2010,10
77,7,0,1,0,Sat,0,Oct,2010,10
78,7,0,1,0,Sun,0,Oct,2010,10
79,4,0,1,0,Mon,0,Oct,2010,10
80,1,0,1,0,Tue,0,Oct,2010,10
81,3,0,1,0,Wed,0,Oct,2010,10
82,3,0,1,0,Thu,0,Oct,2010,10
83,7,0,1,0,Fri,0,Oct,2010,10
84,8,0,1,0,Sat,0,Oct,2010,10
85,6,0,1,0,Sun,0,Oct,2010,10
86,2,0,1,0,Mon,0,Oct,2010,10
87,1,0,1,0,Tue,0,Oct,2010,10
88,4,0,1,0,Wed,0,Oct,2010,10
89,2,0,1,0,Thu,0,Oct,2010,10
90,10,0,1,0,Fri,0,Oct,2010,10
91,11,0,1,0,Sat,0,Oct,2010,10
92,4,0,1,0,Sun,0,Oct,2010,10
93,7,0,1,0,Mon,0,Oct,2010,10
94,4,0,1,0,Tue,0,Oct,2010,10
95,5,0,1,0,Wed,0,Oct,2010,10
96,3,0,1,0,Thu,0,Oct,2010,10
97,7,0,1,0,Fri,0,Oct,2010,10
98,3,0,1,0,Sat,0,Oct,2010,10
99,10,0,1,0,Sun,0,Oct,2010,10
100,2,0,1,0,Mon,0,Oct,2010,10
101,5,0,1,0,Tue,0,Oct,2010,10
102,6,0,1,0,Wed,0,Oct,2010,10
103,5,0,1,0,Thu,0,Oct,2010,10
104,2,0,1,0,Fri,0,Oct,2010,10
105,5,0,1,0,Sat,0,Oct,2010,10
106,8,0,1,0,Sun,0,Oct,2010,10
107,6,0,1,0,Mon,0,Nov,2010,11
108,3,0,1,0,Tue,0,Nov,2010,11
109,7,0,1,0,Wed,0,Nov,2010,11
110,4,0,1,0,Thu,0,Nov,2010,11
111,5,0,1,0,Fri,0,Nov,2010,11
112,7,0,1,0,Sat,0,Nov,2010,11
113,6,0,1,0,Sun,0,Nov,2010,11
114,5,0,1,0,Mon,0,Nov,2010,11
115,3,0,1,0,Tue,0,Nov,2010,11
116,3,0,1,0,Wed,0,Nov,2010,11
117,3,0,1,0,Thu,0,Nov,2010,11
118,4,0,1,0,Fri,0,Nov,2010,11
119,5,0,1,0,Sat,0,Nov,2010,11
120,7,0,1,0,Sun,0,Nov,2010,11
121,3,0,1,0,Mon,0,Nov,2010,11
122,3,0,1,0,Tue,0,Nov,2010,11
123,5,0,1,0,Wed,0,Nov,2010,11
124,7,0,1,0,Thu,0,Nov,2010,11
125,7,0,1,0,Fri,0,Nov,2010,11
126,12,0,1,0,Sat,0,Nov,2010,11
127,9,0,1,0,Sun,0,Nov,2010,11
128,2,0,1,0,Mon,0,Nov,2010,11
129,#N/A,0,1,0,Tue,0,Nov,2010,11
130,3,0,1,0,Wed,0,Nov,2010,11
131,4,0,1,0,Thu,0,Nov,2010,11
132,4,0,1,0,Fri,0,Nov,2010,11
133,6,0,1,0,Sat,0,Nov,2010,11
134,9,0,1,0,Sun,0,Nov,2010,11
135,2,0,1,0,Mon,0,Nov,2010,11
136,2,0,1,0,Tue,0,Nov,2010,11
137,5,0,1,0,Wed,0,Dec,2010,12
138,7,0,1,0,Thu,0,Dec,2010,12
139,4,0,1,0,Fri,0,Dec,2010,12
140,9,0,1,0,Sat,0,Dec,2010,12
141,3,0,1,0,Sun,0,Dec,2010,12
142,#N/A,0,1,0,Mon,0,Dec,2010,12
143,3,0,1,0,Tue,0,Dec,2010,12
144,1,0,1,0,Wed,0,Dec,2010,12
145,1,0,1,0,Thu,0,Dec,2010,12
146,#N/A,0,1,0,Fri,0,Dec,2010,12
147,6,0,1,0,Sat,0,Dec,2010,12
148,4,0,1,0,Sun,0,Dec,2010,12
149,1,0,1,0,Mon,0,Dec,2010,12
150,2,0,1,0,Tue,0,Dec,2010,12
151,2,0,1,0,Wed,0,Dec,2010,12
152,4,0,1,0,Thu,0,Dec,2010,12
153,6,0,1,0,Fri,0,Dec,2010,12
154,4,0,1,0,Sat,0,Dec,2010,12
155,7,0,1,0,Sun,0,Dec,2010,12
156,2,0,1,0,Mon,0,Dec,2010,12
157,1,0,1,0,Tue,0,Dec,2010,12
158,3,0,1,0,Wed,0,Dec,2010,12
159,4,0,1,0,Thu,0,Dec,2010,12
160,3,0,1,0,Fri,0,Dec,2010,12
161,1,0,1,0,Sat,0,Dec,2010,12
162,1,0,1,0,Sun,0,Dec,2010,12
163,#N/A,0,1,0,Mon,0,Dec,2010,12
164,1,0,1,0,Tue,0,Dec,2010,12
165,#N/A,0,1,0,Wed,0,Dec,2010,12
166,4,0,1,0,Thu,0,Dec,2010,12
167,3,0,1,0,Fri,0,Dec,2010,12
168,19,0,1,0,Sat,0,Jan,2011,1
169,12,0,1,0,Sun,0,Jan,2011,1
170,9,0,1,0,Mon,0,Jan,2011,1
171,7,0,1,0,Tue,0,Jan,2011,1
172,3,0,1,0,Wed,0,Jan,2011,1
173,6,0,1,0,Thu,0,Jan,2011,1
174,4,0,1,0,Fri,0,Jan,2011,1
175,6,0,1,0,Sat,0,Jan,2011,1
176,14,0,1,0,Sun,0,Jan,2011,1
177,6,0,1,0,Mon,0,Jan,2011,1
178,1,0,1,0,Tue,0,Jan,2011,1
179,3,0,1,0,Wed,0,Jan,2011,1
180,8,0,1,0,Thu,0,Jan,2011,1
181,7,0,1,0,Fri,0,Jan,2011,1
182,5,0,1,0,Sat,0,Jan,2011,1
183,6,0,1,0,Sun,0,Jan,2011,1
184,5,0,1,0,Mon,0,Jan,2011,1
185,6,0,1,0,Tue,0,Jan,2011,1
186,9,0,1,0,Wed,0,Jan,2011,1
187,10,0,1,0,Thu,0,Jan,2011,1
188,8,0,1,0,Fri,0,Jan,2011,1
189,11,0,1,0,Sat,0,Jan,2011,1
190,7,0,1,0,Sun,0,Jan,2011,1
191,1,0,1,0,Mon,0,Jan,2011,1
192,3,0,1,0,Tue,0,Jan,2011,1
193,5,0,1,0,Wed,0,Jan,2011,1
194,5,0,1,0,Thu,0,Jan,2011,1
195,7,0,1,0,Fri,0,Jan,2011,1
196,8,0,1,0,Sat,0,Jan,2011,1
197,6,0,1,0,Sun,0,Jan,2011,1
198,5,0,1,0,Mon,0,Jan,2011,1
199,#N/A,0,1,0,Tue,0,Jan,2011,1
200,10,0,1,0,Wed,0,Feb,2011,2
201,4,0,1,0,Thu,0,Feb,2011,2
202,8,0,1,0,Fri,0,Feb,2011,2
203,10,0,1,0,Sat,0,Feb,2011,2
204,13,0,1,0,Sun,0,Feb,2011,2
205,5,0,1,0,Mon,0,Feb,2011,2
206,7,0,1,0,Tue,0,Feb,2011,2
207,4,0,1,0,Wed,0,Feb,2011,2
208,9,0,1,0,Thu,0,Feb,2011,2
209,3,0,1,0,Fri,0,Feb,2011,2
210,5,0,1,0,Sat,0,Feb,2011,2
211,7,0,1,0,Sun,0,Feb,2011,2
212,#N/A,0,1,0,Mon,0,Feb,2011,2
213,5,0,1,0,Tue,0,Feb,2011,2
214,2,0,1,0,Wed,0,Feb,2011,2
215,4,0,1,0,Thu,0,Feb,2011,2
216,9,0,1,0,Fri,0,Feb,2011,2
217,8,0,1,0,Sat,0,Feb,2011,2
218,8,0,1,0,Sun,0,Feb,2011,2
219,3,0,1,0,Mon,0,Feb,2011,2
220,3,0,1,0,Tue,0,Feb,2011,2
221,9,0,1,0,Wed,0,Feb,2011,2
222,5,0,1,0,Thu,0,Feb,2011,2
223,9,0,1,0,Fri,0,Feb,2011,2
224,6,0,1,0,Sat,0,Feb,2011,2
225,10,0,1,0,Sun,0,Feb,2011,2
226,1,0,1,0,Mon,0,Feb,2011,2
227,1,0,1,0,Tue,0,Mar,2011,3
228,3,0,1,0,Wed,0,Mar,2011,3
229,3,0,1,0,Thu,0,Mar,2011,3
230,3,0,1,0,Fri,0,Mar,2011,3
231,2,0,1,0,Sat,0,Mar,2011,3
232,1,0,1,0,Sun,0,Mar,2011,3
233,2,0,1,0,Mon,0,Mar,2011,3
234,#N/A,0,1,0,Tue,0,Mar,2011,3
235,3,0,1,0,Wed,0,Mar,2011,3
236,1,0,1,0,Thu,0,Mar,2011,3
237,1,0,1,0,Fri,0,Mar,2011,3
238,4,0,1,0,Sat,0,Mar,2011,3
239,2,0,1,0,Sun,0,Mar,2011,3
240,1,0,1,0,Mon,0,Mar,2011,3
241,1,0,1,0,Tue,0,Mar,2011,3
242,2,0,1,0,Wed,0,Mar,2011,3
243,4,0,1,0,Thu,0,Mar,2011,3
244,5,0,1,0,Fri,0,Mar,2011,3
245,3,0,1,0,Sat,0,Mar,2011,3
246,6,0,1,0,Sun,0,Mar,2011,3
247,7,0,1,0,Mon,0,Mar,2011,3
248,3,0,1,0,Tue,0,Mar,2011,3
249,9,0,1,0,Wed,0,Mar,2011,3
250,5,0,1,0,Thu,0,Mar,2011,3
251,7,0,1,0,Fri,0,Mar,2011,3
252,15,0,1,0,Sat,0,Mar,2011,3
253,5,0,1,0,Sun,0,Mar,2011,3
254,1,0,1,0,Mon,0,Mar,2011,3
255,3,0,1,0,Tue,0,Mar,2011,3
256,4,0,1,0,Wed,0,Mar,2011,3
257,7,0,1,0,Thu,0,Mar,2011,3
258,4,0,1,0,Fri,0,Apr,2011,4
259,15,0,1,0,Sat,0,Apr,2011,4
260,9,0,1,0,Sun,0,Apr,2011,4
261,1,0,1,0,Mon,0,Apr,2011,4
262,1,0,1,0,Tue,0,Apr,2011,4
263,6,0,1,0,Wed,0,Apr,2011,4
264,3,0,1,0,Thu,0,Apr,2011,4
265,9,0,1,0,Fri,0,Apr,2011,4
266,9,0,1,0,Sat,0,Apr,2011,4
267,9,0,1,0,Sun,0,Apr,2011,4
268,7,0,1,0,Mon,0,Apr,2011,4
269,5,0,1,0,Tue,0,Apr,2011,4
270,6,0,1,0,Wed,0,Apr,2011,4
271,4,0,1,0,Thu,0,Apr,2011,4
272,9,0,1,0,Fri,0,Apr,2011,4
273,7,0,1,0,Sat,0,Apr,2011,4
274,7,0,1,0,Sun,0,Apr,2011,4
275,1,0,1,0,Mon,0,Apr,2011,4
276,1,0,1,0,Tue,0,Apr,2011,4
277,2,0,1,0,Wed,0,Apr,2011,4
278,5,0,1,0,Thu,0,Apr,2011,4
279,8,0,1,0,Fri,0,Apr,2011,4
280,3,0,1,0,Sat,0,Apr,2011,4
281,8,0,1,0,Sun,0,Apr,2011,4
282,5,0,1,0,Mon,0,Apr,2011,4
283,3,0,1,0,Tue,0,Apr,2011,4
284,1,0,1,0,Wed,0,Apr,2011,4
285,5,0,1,0,Thu,0,Apr,2011,4
286,9,0,1,0,Fri,0,Apr,2011,4
287,12,0,1,0,Sat,0,Apr,2011,4
288,9,0,1,0,Sun,0,May,2011,5
289,7,0,1,0,Mon,0,May,2011,5
290,4,0,1,0,Tue,0,May,2011,5
291,5,0,1,0,Wed,0,May,2011,5
292,3,0,1,0,Thu,0,May,2011,5
293,9,0,1,0,Fri,0,May,2011,5
294,4,0,1,0,Sat,0,May,2011,5
295,11,0,1,0,Sun,0,May,2011,5
296,4,0,1,0,Mon,0,May,2011,5
297,6,0,1,0,Tue,0,May,2011,5
298,5,0,1,0,Wed,0,May,2011,5
299,1,0,1,0,Thu,0,May,2011,5
300,7,0,1,0,Fri,0,May,2011,5
301,8,0,1,0,Sat,0,May,2011,5
302,7,0,1,0,Sun,0,May,2011,5
303,2,0,1,0,Mon,0,May,2011,5
304,5,0,1,0,Tue,0,May,2011,5
305,3,0,1,0,Wed,0,May,2011,5
306,#N/A,0,1,0,Thu,0,May,2011,5
307,5,0,1,0,Fri,0,May,2011,5
308,2,0,1,0,Sat,0,May,2011,5
309,8,0,1,0,Sun,0,May,2011,5
310,3,0,1,0,Mon,0,May,2011,5
311,6,0,1,0,Tue,0,May,2011,5
312,4,0,1,0,Wed,0,May,2011,5
313,8,0,1,0,Thu,0,May,2011,5
314,8,0,1,0,Fri,0,May,2011,5
315,9,0,1,0,Sat,0,May,2011,5
316,8,0,1,0,Sun,0,May,2011,5
317,11,0,1,0,Mon,0,May,2011,5
318,3,0,1,0,Tue,0,May,2011,5
319,4,0,1,0,Wed,0,Jun,2011,6
320,6,0,1,0,Thu,0,Jun,2011,6
321,7,0,1,0,Fri,0,Jun,2011,6
322,8,0,1,0,Sat,0,Jun,2011,6
323,8,0,1,0,Sun,0,Jun,2011,6
324,6,0,1,0,Mon,0,Jun,2011,6
325,4,0,1,0,Tue,0,Jun,2011,6
326,3,0,1,0,Wed,0,Jun,2011,6
327,2,0,1,0,Thu,0,Jun,2011,6
328,6,0,1,0,Fri,0,Jun,2011,6
329,13,0,1,0,Sat,0,Jun,2011,6
330,9,0,1,0,Sun,0,Jun,2011,6
331,5,0,1,0,Mon,0,Jun,2011,6
332,3,0,1,0,Tue,0,Jun,2011,6
333,8,0,1,0,Wed,0,Jun,2011,6
334,1,0,1,0,Thu,0,Jun,2011,6
335,7,0,1,0,Fri,0,Jun,2011,6
336,11,0,1,0,Sat,0,Jun,2011,6
337,11,0,1,0,Sun,0,Jun,2011,6
338,5,0,1,0,Mon,0,Jun,2011,6
339,4,0,1,0,Tue,0,Jun,2011,6
340,3,0,1,0,Wed,0,Jun,2011,6
341,3,0,1,0,Thu,0,Jun,2011,6
342,6,0,1,0,Fri,0,Jun,2011,6
343,13,0,1,0,Sat,0,Jun,2011,6
344,8,0,1,0,Sun,0,Jun,2011,6
345,4,0,1,0,Mon,0,Jun,2011,6
346,6,0,1,0,Tue,0,Jun,2011,6
347,1,0,1,0,Wed,0,Jun,2011,6
348,6,0,1,0,Thu,0,Jun,2011,6
349,2,0,1,0,Fri,0,Jul,2011,7
350,9,0,1,0,Sat,0,Jul,2011,7
351,7,0,1,0,Sun,0,Jul,2011,7
352,8,0,1,0,Mon,0,Jul,2011,7
353,4,0,1,0,Tue,0,Jul,2011,7
354,4,0,1,0,Wed,0,Jul,2011,7
355,7,0,1,0,Thu,0,Jul,2011,7
356,1,0,1,0,Fri,0,Jul,2011,7
357,10,0,1,0,Sat,0,Jul,2011,7
358,10,0,1,0,Sun,0,Jul,2011,7
359,1,0,1,0,Mon,0,Jul,2011,7
360,1,0,1,0,Tue,0,Jul,2011,7
361,6,0,1,0,Wed,0,Jul,2011,7
362,4,0,1,0,Thu,0,Jul,2011,7
363,6,0,1,0,Fri,0,Jul,2011,7
364,12,0,1,0,Sat,0,Jul,2011,7
365,4,0,1,0,Sun,0,Jul,2011,7
366,3,0,1,0,Mon,0,Jul,2011,7
367,2,0,1,0,Tue,0,Jul,2011,7
368,4,0,1,0,Wed,0,Jul,2011,7
369,4,0,1,0,Thu,0,Jul,2011,7
370,9,0,1,0,Fri,0,Jul,2011,7
371,12,0,1,0,Sat,0,Jul,2011,7
372,10,0,1,0,Sun,0,Jul,2011,7
373,6,0,1,0,Mon,0,Jul,2011,7
374,3,0,1,0,Tue,0,Jul,2011,7
375,4,0,1,0,Wed,0,Jul,2011,7
376,12,0,1,0,Thu,0,Jul,2011,7
377,2,0,1,0,Fri,0,Jul,2011,7
378,8,0,1,0,Sat,0,Jul,2011,7
379,11,0,1,0,Sun,0,Jul,2011,7
380,7,0,1,0,Mon,0,Aug,2011,8
381,2,0,1,0,Tue,0,Aug,2011,8
382,9,0,1,0,Wed,0,Aug,2011,8
383,5,0,1,0,Thu,0,Aug,2011,8
384,7,0,1,0,Fri,0,Aug,2011,8
385,10,0,1,0,Sat,0,Aug,2011,8
386,9,0,1,0,Sun,0,Aug,2011,8
387,1,0,1,0,Mon,0,Aug,2011,8
388,3,0,1,0,Tue,0,Aug,2011,8
389,6,0,1,0,Wed,0,Aug,2011,8
390,9,0,1,0,Thu,0,Aug,2011,8
391,7,1,1,0,Fri,0,Aug,2011,8
392,10,1,1,0,Sat,0,Aug,2011,8
393,9,1,1,0,Sun,0,Aug,2011,8
394,7,1,1,0,Mon,0,Aug,2011,8
395,2,1,1,0,Tue,0,Aug,2011,8
396,9,1,1,0,Wed,0,Aug,2011,8
397,6,1,1,0,Thu,0,Aug,2011,8
398,3,1,1,0,Fri,0,Aug,2011,8
399,15,1,1,0,Sat,0,Aug,2011,8
400,4,1,1,0,Sun,0,Aug,2011,8
401,5,1,1,0,Mon,0,Aug,2011,8
402,4,1,1,0,Tue,0,Aug,2011,8
403,4,1,1,0,Wed,0,Aug,2011,8
404,10,1,1,0,Thu,0,Aug,2011,8
405,5,1,1,0,Fri,0,Aug,2011,8
406,9,1,1,0,Sat,0,Aug,2011,8
407,7,1,1,0,Sun,0,Aug,2011,8
408,5,1,1,0,Mon,0,Aug,2011,8
409,1,1,1,0,Tue,0,Aug,2011,8
410,3,1,1,0,Wed,0,Aug,2011,8
411,4,1,1,0,Thu,0,Sep,2011,9
412,6,1,1,0,Fri,0,Sep,2011,9
413,10,1,1,0,Sat,0,Sep,2011,9
414,8,1,1,0,Sun,0,Sep,2011,9
415,4,1,1,0,Mon,0,Sep,2011,9
416,2,1,1,0,Tue,0,Sep,2011,9
417,3,1,1,0,Wed,0,Sep,2011,9
418,4,1,1,0,Thu,0,Sep,2011,9
419,6,1,1,0,Fri,0,Sep,2011,9
420,7,1,1,0,Sat,0,Sep,2011,9
421,1,1,1,0,Sun,0,Sep,2011,9
422,3,1,1,0,Mon,0,Sep,2011,9
423,1,1,1,0,Tue,0,Sep,2011,9
424,6,1,1,0,Wed,0,Sep,2011,9
425,7,1,1,0,Thu,0,Sep,2011,9
426,6,1,1,0,Fri,0,Sep,2011,9
427,7,1,1,0,Sat,0,Sep,2011,9
428,6,1,1,0,Sun,0,Sep,2011,9
429,5,1,1,0,Mon,0,Sep,2011,9
430,5,1,1,0,Tue,0,Sep,2011,9
431,3,1,1,0,Wed,0,Sep,2011,9
432,4,1,1,0,Thu,0,Sep,2011,9
433,2,1,1,0,Fri,0,Sep,2011,9
434,10,1,1,0,Sat,0,Sep,2011,9
435,7,1,1,0,Sun,0,Sep,2011,9
436,4,1,1,0,Mon,0,Sep,2011,9
437,#N/A,1,1,0,Tue,0,Sep,2011,9
438,3,1,1,0,Wed,0,Sep,2011,9
439,4,1,1,0,Thu,0,Sep,2011,9
440,3,1,1,0,Fri,0,Sep,2011,9
441,7,1,1,0,Sat,0,Oct,2011,10
442,10,1,1,0,Sun,0,Oct,2011,10
443,2,1,1,0,Mon,0,Oct,2011,10
444,4,1,1,0,Tue,0,Oct,2011,10
445,3,1,1,0,Wed,0,Oct,2011,10
446,2,1,1,0,Thu,0,Oct,2011,10
447,6,1,1,0,Fri,0,Oct,2011,10
448,5,1,1,0,Sat,0,Oct,2011,10
449,9,1,1,0,Sun,0,Oct,2011,10
450,2,1,1,0,Mon,0,Oct,2011,10
451,3,1,1,0,Tue,0,Oct,2011,10
452,1,1,1,0,Wed,0,Oct,2011,10
453,3,1,1,0,Thu,0,Oct,2011,10
454,5,1,1,0,Fri,0,Oct,2011,10
455,12,1,1,0,Sat,0,Oct,2011,10
456,4,1,1,0,Sun,0,Oct,2011,10
457,9,1,1,0,Mon,0,Oct,2011,10
458,5,1,1,0,Tue,0,Oct,2011,10
459,4,1,1,0,Wed,0,Oct,2011,10
460,4,1,1,0,Thu,0,Oct,2011,10
461,3,1,1,0,Fri,0,Oct,2011,10
462,2,1,1,0,Sat,0,Oct,2011,10
463,10,1,1,0,Sun,0,Oct,2011,10
464,3,1,1,0,Mon,0,Oct,2011,10
465,2,1,1,0,Tue,0,Oct,2011,10
466,3,1,1,0,Wed,0,Oct,2011,10
467,#N/A,1,1,0,Thu,0,Oct,2011,10
468,3,1,1,0,Fri,0,Oct,2011,10
469,6,1,1,0,Sat,0,Oct,2011,10
470,8,1,1,0,Sun,0,Oct,2011,10
471,2,1,1,0,Mon,0,Oct,2011,10
472,1,1,1,0,Tue,0,Nov,2011,11
473,5,1,1,0,Wed,0,Nov,2011,11
474,5,1,1,0,Thu,0,Nov,2011,11
475,4,1,1,0,Fri,0,Nov,2011,11
476,8,1,1,0,Sat,0,Nov,2011,11
477,8,1,1,0,Sun,0,Nov,2011,11
478,1,1,1,0,Mon,0,Nov,2011,11
479,6,1,1,0,Tue,0,Nov,2011,11
480,8,1,1,0,Wed,0,Nov,2011,11
481,4,1,1,0,Thu,0,Nov,2011,11
482,7,1,1,0,Fri,0,Nov,2011,11
483,8,1,1,0,Sat,0,Nov,2011,11
484,9,1,1,0,Sun,0,Nov,2011,11
485,2,1,1,0,Mon,0,Nov,2011,11
486,1,1,1,0,Tue,0,Nov,2011,11
487,2,1,1,0,Wed,0,Nov,2011,11
488,5,1,1,0,Thu,0,Nov,2011,11
489,9,1,1,0,Fri,0,Nov,2011,11
490,8,1,1,0,Sat,0,Nov,2011,11
491,10,1,1,0,Sun,0,Nov,2011,11
492,1,1,1,0,Mon,0,Nov,2011,11
493,3,1,1,0,Tue,0,Nov,2011,11
494,2,1,1,0,Wed,0,Nov,2011,11
495,7,1,1,0,Thu,0,Nov,2011,11
496,10,1,1,0,Fri,0,Nov,2011,11
497,13,1,1,0,Sat,0,Nov,2011,11
498,17,1,1,0,Sun,0,Nov,2011,11
499,5,1,1,0,Mon,0,Nov,2011,11
500,5,1,1,0,Tue,0,Nov,2011,11
501,11,1,1,0,Wed,0,Nov,2011,11
502,9,1,1,0,Thu,0,Dec,2011,12
503,13,1,1,0,Fri,0,Dec,2011,12
504,16,1,1,0,Sat,0,Dec,2011,12
505,13,1,1,0,Sun,0,Dec,2011,12
506,2,1,1,0,Mon,0,Dec,2011,12
507,1,1,1,0,Tue,0,Dec,2011,12
508,3,1,1,0,Wed,0,Dec,2011,12
509,11,1,1,0,Thu,0,Dec,2011,12
510,7,1,1,0,Fri,0,Dec,2011,12
511,12,1,1,0,Sat,0,Dec,2011,12
512,9,1,1,0,Sun,0,Dec,2011,12
513,5,1,1,0,Mon,0,Dec,2011,12
514,7,1,1,0,Tue,0,Dec,2011,12
515,3,1,1,0,Wed,0,Dec,2011,12
516,11,1,1,0,Thu,0,Dec,2011,12
517,9,1,1,0,Fri,0,Dec,2011,12
518,11,1,1,0,Sat,0,Dec,2011,12
519,10,1,1,0,Sun,0,Dec,2011,12
520,2,1,1,0,Mon,0,Dec,2011,12
521,2,1,1,0,Tue,0,Dec,2011,12
522,2,1,1,0,Wed,0,Dec,2011,12
523,11,1,1,0,Thu,0,Dec,2011,12
524,11,1,1,0,Fri,0,Dec,2011,12
525,17,1,1,0,Sat,0,Dec,2011,12
526,2,1,1,0,Sun,0,Dec,2011,12
527,3,1,1,0,Mon,0,Dec,2011,12
528,3,1,1,0,Tue,0,Dec,2011,12
529,4,1,1,0,Wed,0,Dec,2011,12
530,7,1,1,0,Thu,0,Dec,2011,12
531,3,1,1,0,Fri,0,Dec,2011,12
532,8,1,1,0,Sat,0,Dec,2011,12
533,16,1,1,0,Sun,0,Jan,2012,1
534,2,1,1,0,Mon,0,Jan,2012,1
535,4,1,1,0,Tue,0,Jan,2012,1
536,6,1,1,0,Wed,0,Jan,2012,1
537,8,1,1,0,Thu,0,Jan,2012,1
538,5,1,1,0,Fri,0,Jan,2012,1
539,3,1,1,0,Sat,0,Jan,2012,1
540,5,1,1,0,Sun,0,Jan,2012,1
541,2,1,1,0,Mon,0,Jan,2012,1
542,4,1,1,0,Tue,0,Jan,2012,1
543,2,1,1,0,Wed,0,Jan,2012,1
544,4,1,1,0,Thu,0,Jan,2012,1
545,9,1,1,0,Fri,0,Jan,2012,1
546,8,1,1,0,Sat,0,Jan,2012,1
547,7,1,1,0,Sun,0,Jan,2012,1
548,2,1,1,0,Mon,0,Jan,2012,1
549,#N/A,1,1,0,Tue,0,Jan,2012,1
550,2,1,1,0,Wed,0,Jan,2012,1
551,1,1,1,0,Thu,0,Jan,2012,1
552,2,1,1,0,Fri,0,Jan,2012,1
553,4,1,1,0,Sat,0,Jan,2012,1
554,6,1,1,0,Sun,0,Jan,2012,1
555,3,1,1,0,Mon,0,Jan,2012,1
556,3,1,1,0,Tue,0,Jan,2012,1
557,5,1,1,0,Wed,0,Jan,2012,1
558,3,1,1,0,Thu,0,Jan,2012,1
559,5,1,1,0,Fri,0,Jan,2012,1
560,8,1,1,0,Sat,0,Jan,2012,1
561,10,1,1,0,Sun,0,Jan,2012,1
562,1,1,1,0,Mon,0,Jan,2012,1
563,1,1,1,0,Tue,0,Jan,2012,1
564,5,1,1,0,Wed,0,Feb,2012,2
565,5,1,1,0,Thu,0,Feb,2012,2
566,6,1,1,0,Fri,0,Feb,2012,2
567,8,1,1,0,Sat,0,Feb,2012,2
568,8,1,1,0,Sun,0,Feb,2012,2
569,6,1,1,0,Mon,0,Feb,2012,2
570,4,1,1,0,Tue,0,Feb,2012,2
571,4,1,1,0,Wed,0,Feb,2012,2
572,3,1,1,0,Thu,0,Feb,2012,2
573,8,1,1,0,Fri,0,Feb,2012,2
574,6,1,1,0,Sat,0,Feb,2012,2
575,8,1,1,0,Sun,0,Feb,2012,2
576,4,1,1,0,Mon,0,Feb,2012,2
577,3,1,1,0,Tue,0,Feb,2012,2
578,13,1,1,0,Wed,0,Feb,2012,2
579,4,1,1,0,Thu,0,Feb,2012,2
580,5,1,1,0,Fri,0,Feb,2012,2
581,14,1,1,0,Sat,0,Feb,2012,2
582,13,1,1,0,Sun,0,Feb,2012,2
583,4,1,1,0,Mon,0,Feb,2012,2
584,2,1,1,0,Tue,0,Feb,2012,2
585,2,1,1,0,Wed,0,Feb,2012,2
586,7,1,1,0,Thu,0,Feb,2012,2
587,3,1,1,0,Fri,0,Feb,2012,2
588,8,1,1,0,Sat,0,Feb,2012,2
589,9,1,1,0,Sun,0,Feb,2012,2
590,2,1,1,0,Mon,0,Feb,2012,2
591,5,1,1,0,Tue,0,Feb,2012,2
592,3,1,1,0,Wed,0,Feb,2012,2
593,6,1,1,0,Thu,0,Mar,2012,3
594,5,1,1,0,Fri,0,Mar,2012,3
595,12,1,1,0,Sat,0,Mar,2012,3
596,6,1,1,0,Sun,0,Mar,2012,3
597,2,1,1,0,Mon,0,Mar,2012,3
598,2,1,1,0,Tue,0,Mar,2012,3
599,4,1,1,0,Wed,0,Mar,2012,3
600,10,1,1,0,Thu,0,Mar,2012,3
601,7,1,1,0,Fri,0,Mar,2012,3
602,15,1,1,0,Sat,0,Mar,2012,3
603,2,1,1,0,Sun,0,Mar,2012,3
604,2,1,1,0,Mon,0,Mar,2012,3
605,#N/A,1,1,0,Tue,0,Mar,2012,3
606,6,1,1,0,Wed,0,Mar,2012,3
607,2,1,1,0,Thu,0,Mar,2012,3
608,7,1,1,0,Fri,0,Mar,2012,3
609,9,1,1,0,Sat,0,Mar,2012,3
610,10,1,1,0,Sun,0,Mar,2012,3
611,4,1,1,0,Mon,0,Mar,2012,3
612,4,1,1,0,Tue,0,Mar,2012,3
613,1,1,1,0,Wed,0,Mar,2012,3
614,6,1,1,0,Thu,0,Mar,2012,3
615,6,1,1,0,Fri,0,Mar,2012,3
616,8,1,1,0,Sat,0,Mar,2012,3
617,12,1,1,0,Sun,0,Mar,2012,3
618,1,1,1,0,Mon,0,Mar,2012,3
619,2,1,1,0,Tue,0,Mar,2012,3
620,1,1,1,0,Wed,0,Mar,2012,3
621,7,1,1,0,Thu,0,Mar,2012,3
622,7,1,1,0,Fri,0,Mar,2012,3
623,9,1,1,0,Sat,0,Mar,2012,3
624,8,1,1,0,Sun,0,Apr,2012,4
625,2,1,1,0,Mon,0,Apr,2012,4
626,7,1,1,0,Tue,0,Apr,2012,4
627,2,1,1,0,Wed,0,Apr,2012,4
628,6,1,1,0,Thu,0,Apr,2012,4
629,8,1,1,0,Fri,0,Apr,2012,4
630,8,1,1,0,Sat,0,Apr,2012,4
631,7,1,1,0,Sun,0,Apr,2012,4
632,4,1,1,0,Mon,0,Apr,2012,4
633,2,1,1,0,Tue,0,Apr,2012,4
634,3,1,1,0,Wed,0,Apr,2012,4
635,4,1,1,0,Thu,0,Apr,2012,4
636,7,1,1,0,Fri,0,Apr,2012,4
637,8,1,1,0,Sat,0,Apr,2012,4
638,5,1,1,0,Sun,0,Apr,2012,4
639,3,1,1,0,Mon,0,Apr,2012,4
640,2,1,1,0,Tue,0,Apr,2012,4
641,2,1,1,0,Wed,0,Apr,2012,4
642,7,1,1,0,Thu,0,Apr,2012,4
643,13,1,1,0,Fri,0,Apr,2012,4
644,15,1,1,0,Sat,0,Apr,2012,4
645,15,1,1,0,Sun,0,Apr,2012,4
646,9,1,1,0,Mon,0,Apr,2012,4
647,5,1,1,0,Tue,0,Apr,2012,4
648,#N/A,1,1,0,Wed,0,Apr,2012,4
649,6,1,1,0,Thu,0,Apr,2012,4
650,5,1,1,0,Fri,0,Apr,2012,4
651,9,1,1,0,Sat,0,Apr,2012,4
652,8,1,1,0,Sun,0,Apr,2012,4
653,1,1,1,0,Mon,0,Apr,2012,4
654,3,1,1,0,Tue,0,May,2012,5
655,2,1,1,0,Wed,0,May,2012,5
656,11,1,1,0,Thu,0,May,2012,5
657,5,1,1,0,Fri,0,May,2012,5
658,6,1,1,0,Sat,0,May,2012,5
659,13,1,1,0,Sun,0,May,2012,5
660,5,1,1,0,Mon,0,May,2012,5
661,#N/A,1,1,0,Tue,0,May,2012,5
662,6,1,1,0,Wed,0,May,2012,5
663,8,1,1,0,Thu,0,May,2012,5
664,2,1,1,0,Fri,0,May,2012,5
665,6,1,1,0,Sat,0,May,2012,5
666,10,1,1,0,Sun,0,May,2012,5
667,2,1,1,0,Mon,0,May,2012,5
668,6,1,1,0,Tue,0,May,2012,5
669,3,1,1,0,Wed,0,May,2012,5
670,4,1,1,0,Thu,0,May,2012,5
671,5,1,1,0,Fri,0,May,2012,5
672,8,1,1,0,Sat,0,May,2012,5
673,5,1,1,0,Sun,0,May,2012,5
674,3,1,1,0,Mon,0,May,2012,5
675,1,1,1,0,Tue,0,May,2012,5
676,5,1,1,0,Wed,0,May,2012,5
677,5,1,1,0,Thu,0,May,2012,5
678,5,1,1,0,Fri,0,May,2012,5
679,13,1,1,0,Sat,0,May,2012,5
680,9,1,1,0,Sun,0,May,2012,5
681,7,1,1,0,Mon,0,May,2012,5
682,7,1,1,0,Tue,0,May,2012,5
683,1,1,1,0,Wed,0,May,2012,5
684,8,1,1,0,Thu,0,May,2012,5
685,7,1,1,0,Fri,0,Jun,2012,6
686,8,1,1,0,Sat,0,Jun,2012,6
687,10,1,1,0,Sun,0,Jun,2012,6
688,4,1,1,0,Mon,0,Jun,2012,6
689,3,1,1,0,Tue,0,Jun,2012,6
690,2,1,1,0,Wed,0,Jun,2012,6
691,4,1,1,0,Thu,0,Jun,2012,6
692,6,1,1,0,Fri,0,Jun,2012,6
693,12,1,1,0,Sat,0,Jun,2012,6
694,6,1,1,0,Sun,0,Jun,2012,6
695,2,1,1,0,Mon,0,Jun,2012,6
696,7,1,1,0,Tue,0,Jun,2012,6
697,3,1,1,0,Wed,0,Jun,2012,6
698,5,1,1,0,Thu,0,Jun,2012,6
699,5,1,1,0,Fri,0,Jun,2012,6
700,10,1,1,0,Sat,0,Jun,2012,6
701,4,1,1,0,Sun,0,Jun,2012,6
702,1,1,1,0,Mon,0,Jun,2012,6
703,4,1,1,0,Tue,0,Jun,2012,6
704,6,1,1,0,Wed,0,Jun,2012,6
705,6,1,1,0,Thu,0,Jun,2012,6
706,4,1,1,0,Fri,0,Jun,2012,6
707,7,1,1,0,Sat,0,Jun,2012,6
708,5,1,1,0,Sun,0,Jun,2012,6
709,3,1,1,0,Mon,0,Jun,2012,6
710,6,1,1,0,Tue,0,Jun,2012,6
711,4,1,1,0,Wed,0,Jun,2012,6
712,8,1,1,0,Thu,0,Jun,2012,6
713,6,1,1,0,Fri,0,Jun,2012,6
714,8,1,1,0,Sat,0,Jun,2012,6
715,9,1,1,0,Sun,0,Jul,2012,7
716,4,1,1,0,Mon,0,Jul,2012,7
717,3,1,1,0,Tue,0,Jul,2012,7
718,6,1,1,0,Wed,0,Jul,2012,7
719,12,1,1,0,Thu,0,Jul,2012,7
720,3,1,1,0,Fri,0,Jul,2012,7
721,4,1,1,0,Sat,0,Jul,2012,7
722,11,1,1,0,Sun,0,Jul,2012,7
723,2,1,1,0,Mon,0,Jul,2012,7
724,5,1,1,0,Tue,0,Jul,2012,7
725,2,1,1,0,Wed,0,Jul,2012,7
726,8,1,1,0,Thu,0,Jul,2012,7
727,8,1,1,0,Fri,0,Jul,2012,7
728,9,1,1,0,Sat,0,Jul,2012,7
729,7,1,1,0,Sun,0,Jul,2012,7
730,2,1,1,0,Mon,0,Jul,2012,7
731,4,1,1,0,Tue,0,Jul,2012,7
732,3,1,1,0,Wed,0,Jul,2012,7
733,2,1,1,0,Thu,0,Jul,2012,7
734,8,1,1,0,Fri,0,Jul,2012,7
735,11,1,1,0,Sat,0,Jul,2012,7
736,6,1,1,0,Sun,0,Jul,2012,7
737,1,1,1,0,Mon,0,Jul,2012,7
738,2,1,1,0,Tue,0,Jul,2012,7
739,4,1,1,0,Wed,0,Jul,2012,7
740,4,1,1,0,Thu,0,Jul,2012,7
741,10,1,1,0,Fri,0,Jul,2012,7
742,10,1,1,0,Sat,0,Jul,2012,7
743,4,1,1,0,Sun,0,Jul,2012,7
744,6,1,1,0,Mon,0,Jul,2012,7
745,3,1,1,0,Tue,0,Jul,2012,7
746,5,1,1,0,Wed,0,Aug,2012,8
747,2,1,1,0,Thu,0,Aug,2012,8
748,8,1,1,0,Fri,0,Aug,2012,8
749,11,1,1,0,Sat,0,Aug,2012,8
750,9,1,1,0,Sun,0,Aug,2012,8
751,3,1,1,0,Mon,0,Aug,2012,8
752,6,1,1,0,Tue,0,Aug,2012,8
753,4,1,1,0,Wed,0,Aug,2012,8
754,3,1,1,0,Thu,0,Aug,2012,8
755,4,1,1,0,Fri,0,Aug,2012,8
756,5,1,1,0,Sat,0,Aug,2012,8
757,5,1,1,0,Sun,0,Aug,2012,8
758,3,1,1,0,Mon,0,Aug,2012,8
759,3,1,1,0,Tue,0,Aug,2012,8
760,6,1,1,0,Wed,0,Aug,2012,8
761,#N/A,1,1,0,Thu,0,Aug,2012,8
762,1,1,1,0,Fri,0,Aug,2012,8
763,#N/A,1,1,0,Sat,0,Aug,2012,8
764,2,1,1,0,Sun,0,Aug,2012,8
765,2,1,1,0,Mon,0,Aug,2012,8
766,3,1,1,0,Tue,0,Aug,2012,8
767,1,1,1,0,Wed,0,Aug,2012,8
768,1,1,1,0,Thu,0,Aug,2012,8
769,3,1,1,0,Fri,0,Aug,2012,8
770,4,1,1,0,Sat,0,Aug,2012,8
771,3,1,1,0,Sun,0,Aug,2012,8
772,3,1,1,0,Mon,0,Aug,2012,8
773,2,1,1,0,Tue,0,Aug,2012,8
774,4,1,1,0,Wed,0,Aug,2012,8
775,5,1,1,0,Thu,0,Aug,2012,8
776,8,1,1,0,Fri,0,Aug,2012,8
777,2,1,1,0,Sat,0,Sep,2012,9
778,4,1,1,0,Sun,0,Sep,2012,9
779,7,1,1,0,Mon,0,Sep,2012,9
780,3,1,1,0,Tue,0,Sep,2012,9
781,3,1,1,0,Wed,0,Sep,2012,9
782,4,1,1,0,Thu,0,Sep,2012,9
783,2,1,1,0,Fri,0,Sep,2012,9
784,8,1,1,0,Sat,0,Sep,2012,9
785,4,1,1,0,Sun,0,Sep,2012,9
786,1,1,1,0,Mon,0,Sep,2012,9
787,1,1,1,0,Tue,0,Sep,2012,9
788,5,1,1,0,Wed,0,Sep,2012,9
789,2,1,1,0,Thu,0,Sep,2012,9
790,3,1,1,0,Fri,0,Sep,2012,9
791,1,1,1,0,Sat,0,Sep,2012,9
792,7,1,1,0,Sun,0,Sep,2012,9
793,5,1,1,0,Mon,0,Sep,2012,9
794,2,1,1,0,Tue,0,Sep,2012,9
795,4,1,1,0,Wed,0,Sep,2012,9
796,10,1,1,0,Thu,0,Sep,2012,9
797,4,1,1,0,Fri,0,Sep,2012,9
798,5,1,1,0,Sat,0,Sep,2012,9
799,9,1,1,0,Sun,0,Sep,2012,9
800,5,1,1,0,Mon,0,Sep,2012,9
801,8,1,1,0,Tue,0,Sep,2012,9
802,2,1,1,0,Wed,0,Sep,2012,9
803,6,1,1,0,Thu,0,Sep,2012,9
804,7,1,1,0,Fri,0,Sep,2012,9
805,11,1,1,0,Sat,0,Sep,2012,9
806,8,1,1,0,Sun,0,Sep,2012,9
807,3,1,1,0,Mon,0,Oct,2012,10
808,#N/A,1,1,0,Tue,0,Oct,2012,10
809,#N/A,1,1,0,Wed,0,Oct,2012,10
810,7,1,1,0,Thu,0,Oct,2012,10
811,6,1,1,0,Fri,0,Oct,2012,10
812,5,1,1,0,Sat,0,Oct,2012,10
813,8,1,1,0,Sun,0,Oct,2012,10
814,4,1,1,0,Mon,0,Oct,2012,10
815,3,1,1,0,Tue,0,Oct,2012,10
816,8,1,1,0,Wed,0,Oct,2012,10
817,7,1,1,0,Thu,0,Oct,2012,10
818,7,1,1,0,Fri,0,Oct,2012,10
819,6,1,1,0,Sat,0,Oct,2012,10
820,8,1,1,0,Sun,0,Oct,2012,10
821,3,1,1,0,Mon,0,Oct,2012,10
822,1,1,1,0,Tue,0,Oct,2012,10
823,4,1,1,0,Wed,0,Oct,2012,10
824,7,1,1,0,Thu,0,Oct,2012,10
825,5,1,1,0,Fri,0,Oct,2012,10
826,3,1,1,0,Sat,0,Oct,2012,10
827,5,1,1,0,Sun,0,Oct,2012,10
828,3,1,1,0,Mon,0,Oct,2012,10
829,#N/A,1,1,0,Tue,0,Oct,2012,10
830,4,1,1,0,Wed,0,Oct,2012,10
831,5,1,1,0,Thu,0,Oct,2012,10
832,4,1,1,0,Fri,0,Oct,2012,10
833,11,1,1,0,Sat,0,Oct,2012,10
834,11,1,1,0,Sun,0,Oct,2012,10
835,4,1,1,0,Mon,0,Oct,2012,10
836,3,1,1,0,Tue,0,Oct,2012,10
837,3,1,1,0,Wed,0,Oct,2012,10
838,9,1,1,0,Thu,0,Nov,2012,11
839,7,1,1,0,Fri,0,Nov,2012,11
840,2,1,1,0,Sat,0,Nov,2012,11
841,9,1,1,0,Sun,0,Nov,2012,11
842,3,1,1,0,Mon,0,Nov,2012,11
843,4,1,1,0,Tue,0,Nov,2012,11
844,6,1,1,0,Wed,0,Nov,2012,11
845,8,1,1,0,Thu,0,Nov,2012,11
846,5,1,1,0,Fri,0,Nov,2012,11
847,9,1,1,0,Sat,0,Nov,2012,11
848,8,1,1,0,Sun,0,Nov,2012,11
849,4,1,1,0,Mon,0,Nov,2012,11
850,2,1,1,0,Tue,0,Nov,2012,11
851,4,1,1,0,Wed,0,Nov,2012,11
852,1,1,1,0,Thu,0,Nov,2012,11
853,6,1,1,0,Fri,0,Nov,2012,11
854,8,1,1,0,Sat,0,Nov,2012,11
855,8,1,1,0,Sun,0,Nov,2012,11
856,1,1,1,0,Mon,0,Nov,2012,11
857,1,1,1,0,Tue,0,Nov,2012,11
858,3,1,1,0,Wed,0,Nov,2012,11
859,6,1,1,0,Thu,0,Nov,2012,11
860,4,1,1,0,Fri,0,Nov,2012,11
861,5,1,1,0,Sat,0,Nov,2012,11
862,5,1,1,0,Sun,0,Nov,2012,11
863,3,1,1,0,Mon,0,Nov,2012,11
864,3,1,1,0,Tue,0,Nov,2012,11
865,2,1,1,0,Wed,0,Nov,2012,11
866,7,1,1,0,Thu,0,Nov,2012,11
867,5,1,1,0,Fri,0,Nov,2012,11
868,14,1,1,0,Sat,0,Dec,2012,12
869,14,1,1,0,Sun,0,Dec,2012,12
870,3,1,1,0,Mon,0,Dec,2012,12
871,#N/A,1,1,0,Tue,0,Dec,2012,12
872,5,1,1,0,Wed,0,Dec,2012,12
873,5,1,1,0,Thu,0,Dec,2012,12
874,8,1,1,0,Fri,0,Dec,2012,12
875,8,1,1,0,Sat,0,Dec,2012,12
876,16,1,1,0,Sun,1,Dec,2012,12
877,5,1,1,0,Mon,1,Dec,2012,12
878,2,1,1,0,Tue,1,Dec,2012,12
879,8,1,1,0,Wed,1,Dec,2012,12
880,4,1,1,0,Thu,1,Dec,2012,12
881,4,1,1,0,Fri,1,Dec,2012,12
882,11,1,1,0,Sat,1,Dec,2012,12
883,11,1,1,0,Sun,1,Dec,2012,12
884,3,1,1,0,Mon,1,Dec,2012,12
885,2,1,1,0,Tue,1,Dec,2012,12
886,7,1,1,0,Wed,1,Dec,2012,12
887,3,1,1,0,Thu,1,Dec,2012,12
888,11,1,1,0,Fri,1,Dec,2012,12
889,10,1,1,0,Sat,1,Dec,2012,12
890,10,1,1,0,Sun,1,Dec,2012,12
891,6,1,1,0,Mon,1,Dec,2012,12
892,3,1,1,0,Tue,1,Dec,2012,12
893,3,1,1,0,Wed,1,Dec,2012,12
894,5,1,1,0,Thu,1,Dec,2012,12
895,7,1,1,0,Fri,1,Dec,2012,12
896,9,1,1,0,Sat,1,Dec,2012,12
897,14,1,1,0,Sun,1,Dec,2012,12
898,4,1,1,0,Mon,1,Dec,2012,12
899,13,1,1,0,Tue,1,Jan,2013,1
900,1,1,1,0,Wed,1,Jan,2013,1
901,1,1,1,0,Thu,1,Jan,2013,1
902,4,1,1,0,Fri,1,Jan,2013,1
903,7,1,1,0,Sat,1,Jan,2013,1
904,4,1,1,0,Sun,1,Jan,2013,1
905,1,1,1,0,Mon,1,Jan,2013,1
906,5,1,1,0,Tue,1,Jan,2013,1
907,4,1,1,0,Wed,1,Jan,2013,1
908,2,1,1,0,Thu,1,Jan,2013,1
909,5,1,1,0,Fri,1,Jan,2013,1
910,16,1,1,0,Sat,1,Jan,2013,1
911,4,1,1,0,Sun,1,Jan,2013,1
912,3,1,1,0,Mon,1,Jan,2013,1
913,3,1,1,0,Tue,1,Jan,2013,1
914,3,1,1,0,Wed,1,Jan,2013,1
915,3,1,1,0,Thu,1,Jan,2013,1
916,9,1,1,0,Fri,1,Jan,2013,1
917,5,1,1,0,Sat,1,Jan,2013,1
918,2,1,1,0,Sun,1,Jan,2013,1
919,1,1,1,0,Mon,1,Jan,2013,1
920,1,1,1,0,Tue,1,Jan,2013,1
921,3,1,1,0,Wed,1,Jan,2013,1
922,4,1,1,0,Thu,1,Jan,2013,1
923,8,1,1,0,Fri,1,Jan,2013,1
924,9,1,1,0,Sat,1,Jan,2013,1
925,7,1,1,0,Sun,1,Jan,2013,1
926,5,1,1,0,Mon,1,Jan,2013,1
927,1,1,1,0,Tue,1,Jan,2013,1
928,1,1,1,0,Wed,1,Jan,2013,1
929,5,1,1,0,Thu,1,Jan,2013,1
930,5,1,1,0,Fri,1,Feb,2013,2
931,6,1,1,0,Sat,1,Feb,2013,2
932,10,1,1,0,Sun,1,Feb,2013,2
933,7,1,1,0,Mon,1,Feb,2013,2
934,3,1,1,0,Tue,1,Feb,2013,2
935,1,1,1,0,Wed,1,Feb,2013,2
936,4,1,1,0,Thu,1,Feb,2013,2
937,11,1,1,0,Fri,1,Feb,2013,2
938,6,1,1,0,Sat,1,Feb,2013,2
939,3,1,1,0,Sun,1,Feb,2013,2
940,2,1,1,0,Mon,1,Feb,2013,2
941,2,1,1,0,Tue,1,Feb,2013,2
942,4,1,1,0,Wed,1,Feb,2013,2
943,5,1,1,0,Thu,1,Feb,2013,2
944,4,1,1,0,Fri,1,Feb,2013,2
945,7,1,1,0,Sat,1,Feb,2013,2
946,3,1,1,0,Sun,1,Feb,2013,2
947,1,1,1,0,Mon,1,Feb,2013,2
948,3,1,1,0,Tue,1,Feb,2013,2
949,1,1,1,0,Wed,1,Feb,2013,2
950,4,1,1,0,Thu,1,Feb,2013,2
951,5,1,1,0,Fri,1,Feb,2013,2
952,6,1,1,0,Sat,1,Feb,2013,2
953,5,1,1,0,Sun,1,Feb,2013,2
954,3,1,1,0,Mon,1,Feb,2013,2
955,5,1,1,0,Tue,1,Feb,2013,2
956,4,1,1,0,Wed,1,Feb,2013,2
957,2,1,1,0,Thu,1,Feb,2013,2
958,2,1,1,0,Fri,1,Mar,2013,3
959,8,1,1,0,Sat,1,Mar,2013,3
960,9,1,1,0,Sun,1,Mar,2013,3
961,2,1,1,0,Mon,1,Mar,2013,3
962,2,1,1,0,Tue,1,Mar,2013,3
963,4,1,1,0,Wed,1,Mar,2013,3
964,6,1,1,0,Thu,1,Mar,2013,3
965,6,1,1,0,Fri,1,Mar,2013,3
966,13,1,1,0,Sat,1,Mar,2013,3
967,9,1,1,0,Sun,1,Mar,2013,3
968,5,1,1,0,Mon,1,Mar,2013,3
969,5,1,1,0,Tue,1,Mar,2013,3
970,2,1,1,0,Wed,1,Mar,2013,3
971,6,1,1,0,Thu,1,Mar,2013,3
972,4,1,1,0,Fri,1,Mar,2013,3
973,9,1,1,0,Sat,1,Mar,2013,3
974,9,1,1,0,Sun,1,Mar,2013,3
975,5,1,1,0,Mon,1,Mar,2013,3
976,4,1,1,0,Tue,1,Mar,2013,3
977,4,1,1,0,Wed,1,Mar,2013,3
978,6,1,1,0,Thu,1,Mar,2013,3
979,6,1,1,0,Fri,1,Mar,2013,3
980,8,1,1,0,Sat,1,Mar,2013,3
981,10,1,1,0,Sun,1,Mar,2013,3
982,5,1,1,0,Mon,1,Mar,2013,3
983,5,1,1,0,Tue,1,Mar,2013,3
984,6,1,1,0,Wed,1,Mar,2013,3
985,3,1,1,0,Thu,1,Mar,2013,3
986,10,1,1,0,Fri,1,Mar,2013,3
987,12,1,1,0,Sat,1,Mar,2013,3
988,6,1,1,0,Sun,1,Mar,2013,3
989,7,1,1,0,Mon,1,Apr,2013,4
990,1,1,1,0,Tue,1,Apr,2013,4
991,3,1,1,0,Wed,1,Apr,2013,4
992,2,1,1,0,Thu,1,Apr,2013,4
993,2,1,1,0,Fri,1,Apr,2013,4
994,7,1,1,0,Sat,1,Apr,2013,4
995,5,1,1,0,Sun,1,Apr,2013,4
996,6,1,1,0,Mon,1,Apr,2013,4
997,11,1,1,0,Tue,1,Apr,2013,4
998,6,1,1,0,Wed,1,Apr,2013,4
999,6,1,1,0,Thu,1,Apr,2013,4
1000,5,1,1,0,Fri,1,Apr,2013,4
1001,6,1,1,0,Sat,1,Apr,2013,4
1002,2,1,1,0,Sun,1,Apr,2013,4
1003,3,1,1,0,Mon,1,Apr,2013,4
1004,5,1,1,0,Tue,1,Apr,2013,4
1005,5,1,1,0,Wed,1,Apr,2013,4
1006,2,1,1,0,Thu,1,Apr,2013,4
1007,3,1,1,0,Fri,1,Apr,2013,4
1008,10,1,1,0,Sat,1,Apr,2013,4
1009,8,1,1,0,Sun,1,Apr,2013,4
1010,1,1,1,0,Mon,1,Apr,2013,4
1011,3,1,1,0,Tue,1,Apr,2013,4
1012,4,1,1,0,Wed,1,Apr,2013,4
1013,10,1,1,0,Thu,1,Apr,2013,4
1014,7,1,1,0,Fri,1,Apr,2013,4
1015,12,1,1,0,Sat,1,Apr,2013,4
1016,11,1,1,0,Sun,1,Apr,2013,4
1017,5,1,1,0,Mon,1,Apr,2013,4
1018,7,1,1,0,Tue,1,Apr,2013,4
1019,9,1,1,0,Wed,1,May,2013,5
1020,4,1,1,0,Thu,1,May,2013,5
1021,13,1,1,0,Fri,1,May,2013,5
1022,23,1,1,0,Sat,1,May,2013,5
1023,19,1,1,0,Sun,1,May,2013,5
1024,9,1,1,0,Mon,1,May,2013,5
1025,5,1,1,0,Tue,1,May,2013,5
1026,9,1,1,0,Wed,1,May,2013,5
1027,8,1,1,0,Thu,1,May,2013,5
1028,14,1,1,0,Fri,1,May,2013,5
1029,16,1,1,0,Sat,1,May,2013,5
1030,15,1,1,0,Sun,1,May,2013,5
1031,7,1,1,0,Mon,1,May,2013,5
1032,7,1,1,0,Tue,1,May,2013,5
1033,6,1,1,0,Wed,1,May,2013,5
1034,13,1,1,0,Thu,1,May,2013,5
1035,11,1,1,0,Fri,1,May,2013,5
1036,13,1,1,0,Sat,1,May,2013,5
1037,17,1,1,0,Sun,1,May,2013,5
1038,9,1,1,0,Mon,1,May,2013,5
1039,4,1,1,0,Tue,1,May,2013,5
1040,11,1,1,0,Wed,1,May,2013,5
1041,9,1,1,0,Thu,1,May,2013,5
1042,16,1,1,0,Fri,1,May,2013,5
1043,17,1,1,0,Sat,1,May,2013,5
1044,16,1,1,0,Sun,1,May,2013,5
1045,8,1,1,0,Mon,1,May,2013,5
1046,4,1,1,0,Tue,1,May,2013,5
1047,4,1,1,0,Wed,1,May,2013,5
1048,10,1,1,0,Thu,1,May,2013,5
1049,12,1,1,0,Fri,1,May,2013,5
1050,23,1,1,0,Sat,1,Jun,2013,6
1051,12,1,1,0,Sun,1,Jun,2013,6
1052,10,1,1,0,Mon,1,Jun,2013,6
1053,7,1,1,0,Tue,1,Jun,2013,6
1054,12,1,1,0,Wed,1,Jun,2013,6
1055,10,1,1,0,Thu,1,Jun,2013,6
1056,3,1,1,0,Fri,1,Jun,2013,6
1057,17,1,1,0,Sat,1,Jun,2013,6
1058,21,1,1,0,Sun,1,Jun,2013,6
1059,12,1,1,0,Mon,1,Jun,2013,6
1060,3,1,1,0,Tue,1,Jun,2013,6
1061,9,1,1,0,Wed,1,Jun,2013,6
1062,6,1,1,0,Thu,1,Jun,2013,6
1063,9,1,1,0,Fri,1,Jun,2013,6
1064,19,1,1,0,Sat,1,Jun,2013,6
1065,14,1,1,0,Sun,1,Jun,2013,6
1066,7,1,1,0,Mon,1,Jun,2013,6
1067,5,1,1,0,Tue,1,Jun,2013,6
1068,8,1,1,0,Wed,1,Jun,2013,6
1069,5,1,1,0,Thu,1,Jun,2013,6
1070,15,1,1,0,Fri,1,Jun,2013,6
1071,9,1,1,0,Sat,1,Jun,2013,6
1072,12,1,1,0,Sun,1,Jun,2013,6
1073,4,1,1,0,Mon,1,Jun,2013,6
1074,7,1,1,0,Tue,1,Jun,2013,6
1075,9,1,1,0,Wed,1,Jun,2013,6
1076,7,1,1,0,Thu,1,Jun,2013,6
1077,12,1,1,0,Fri,1,Jun,2013,6
1078,13,1,1,0,Sat,1,Jun,2013,6
1079,10,1,1,0,Sun,1,Jun,2013,6
1080,12,1,1,0,Mon,1,Jul,2013,7
1081,7,1,1,0,Tue,1,Jul,2013,7
1082,10,1,1,0,Wed,1,Jul,2013,7
1083,10,1,1,0,Thu,1,Jul,2013,7
1084,22,1,1,0,Fri,1,Jul,2013,7
1085,16,1,1,0,Sat,1,Jul,2013,7
1086,12,1,1,0,Sun,1,Jul,2013,7
1087,7,1,1,0,Mon,1,Jul,2013,7
1088,6,1,1,0,Tue,1,Jul,2013,7
1089,9,1,1,0,Wed,1,Jul,2013,7
1090,8,1,1,0,Thu,1,Jul,2013,7
1091,9,1,1,0,Fri,1,Jul,2013,7
1092,13,1,1,0,Sat,1,Jul,2013,7
1093,8,1,1,0,Sun,1,Jul,2013,7
1094,5,1,1,0,Mon,1,Jul,2013,7
1095,9,1,1,0,Tue,1,Jul,2013,7
1096,6,1,1,0,Wed,1,Jul,2013,7
1097,6,1,1,0,Thu,1,Jul,2013,7
1098,9,1,1,0,Fri,1,Jul,2013,7
1099,12,1,1,0,Sat,1,Jul,2013,7
1100,10,1,1,0,Sun,1,Jul,2013,7
1101,4,1,1,0,Mon,1,Jul,2013,7
1102,1,1,1,0,Tue,1,Jul,2013,7
1103,4,1,1,0,Wed,1,Jul,2013,7
1104,9,1,1,0,Thu,1,Jul,2013,7
1105,12,1,1,0,Fri,1,Jul,2013,7
1106,11,1,1,0,Sat,1,Jul,2013,7
1107,11,1,1,0,Sun,1,Jul,2013,7
1108,6,1,1,0,Mon,1,Jul,2013,7
1109,3,1,1,0,Tue,1,Jul,2013,7
1110,6,1,1,0,Wed,1,Jul,2013,7
1111,11,1,1,0,Thu,1,Aug,2013,8
1112,15,1,1,0,Fri,1,Aug,2013,8
1113,15,1,1,0,Sat,1,Aug,2013,8
1114,14,1,1,0,Sun,1,Aug,2013,8
1115,5,1,1,0,Mon,1,Aug,2013,8
1116,11,1,1,0,Tue,1,Aug,2013,8
1117,9,1,1,0,Wed,1,Aug,2013,8
1118,13,1,1,0,Thu,1,Aug,2013,8
1119,14,1,1,0,Fri,1,Aug,2013,8
1120,9,1,1,0,Sat,1,Aug,2013,8
1121,14,1,1,0,Sun,1,Aug,2013,8
1122,7,1,1,0,Mon,1,Aug,2013,8
1123,6,1,1,0,Tue,1,Aug,2013,8
1124,12,1,1,0,Wed,1,Aug,2013,8
1125,14,1,1,0,Thu,1,Aug,2013,8
1126,17,1,1,0,Fri,1,Aug,2013,8
1127,11,1,1,0,Sat,1,Aug,2013,8
1128,12,1,1,0,Sun,1,Aug,2013,8
1129,7,1,1,0,Mon,1,Aug,2013,8
1130,6,1,1,0,Tue,1,Aug,2013,8
1131,6,1,1,0,Wed,1,Aug,2013,8
1132,12,1,1,0,Thu,1,Aug,2013,8
1133,17,1,1,0,Fri,1,Aug,2013,8
1134,17,1,1,0,Sat,1,Aug,2013,8
1135,17,1,1,0,Sun,1,Aug,2013,8
1136,7,1,1,0,Mon,1,Aug,2013,8
1137,3,1,1,0,Tue,1,Aug,2013,8
1138,6,1,1,0,Wed,1,Aug,2013,8
1139,7,1,1,0,Thu,1,Aug,2013,8
1140,9,1,1,0,Fri,1,Aug,2013,8
1141,15,1,1,0,Sat,1,Aug,2013,8
1142,15,1,1,0,Sun,1,Sep,2013,9
1143,9,1,1,0,Mon,1,Sep,2013,9
1144,5,1,1,0,Tue,1,Sep,2013,9
1145,5,1,1,0,Wed,1,Sep,2013,9
1146,3,1,1,0,Thu,1,Sep,2013,9
1147,7,1,1,0,Fri,1,Sep,2013,9
1148,11,1,1,0,Sat,1,Sep,2013,9
1149,21,1,1,0,Sun,1,Sep,2013,9
1150,6,1,1,0,Mon,1,Sep,2013,9
1151,7,1,1,0,Tue,1,Sep,2013,9
1152,9,1,1,0,Wed,1,Sep,2013,9
1153,9,1,1,0,Thu,1,Sep,2013,9
1154,7,1,1,0,Fri,1,Sep,2013,9
1155,10,1,1,0,Sat,1,Sep,2013,9
1156,13,1,1,0,Sun,1,Sep,2013,9
1157,3,1,1,0,Mon,1,Sep,2013,9
1158,9,1,1,0,Tue,1,Sep,2013,9
1159,10,1,1,0,Wed,1,Sep,2013,9
1160,5,1,1,0,Thu,1,Sep,2013,9
1161,6,1,1,0,Fri,1,Sep,2013,9
1162,10,1,1,0,Sat,1,Sep,2013,9
1163,9,1,1,0,Sun,1,Sep,2013,9
1164,6,1,1,0,Mon,1,Sep,2013,9
1165,2,1,1,0,Tue,1,Sep,2013,9
1166,8,1,1,0,Wed,1,Sep,2013,9
1167,5,1,1,0,Thu,1,Sep,2013,9
1168,7,1,1,0,Fri,1,Sep,2013,9
1169,14,1,1,0,Sat,1,Sep,2013,9
1170,11,1,1,0,Sun,1,Sep,2013,9
1171,4,1,1,0,Mon,1,Sep,2013,9
1172,8,1,1,0,Tue,1,Oct,2013,10
1173,7,1,1,0,Wed,1,Oct,2013,10
1174,5,1,1,0,Thu,1,Oct,2013,10
1175,7,1,1,0,Fri,1,Oct,2013,10
1176,16,1,1,0,Sat,1,Oct,2013,10
1177,14,1,1,0,Sun,1,Oct,2013,10
1178,8,1,1,0,Mon,1,Oct,2013,10
1179,5,1,1,0,Tue,1,Oct,2013,10
1180,6,1,1,0,Wed,1,Oct,2013,10
1181,5,1,1,0,Thu,1,Oct,2013,10
1182,7,1,1,0,Fri,1,Oct,2013,10
1183,11,1,1,0,Sat,1,Oct,2013,10
1184,8,1,1,0,Sun,1,Oct,2013,10
1185,7,1,1,0,Mon,1,Oct,2013,10
1186,5,1,1,0,Tue,1,Oct,2013,10
1187,5,1,1,0,Wed,1,Oct,2013,10
1188,8,1,1,0,Thu,1,Oct,2013,10
1189,9,1,1,0,Fri,1,Oct,2013,10
1190,13,1,1,0,Sat,1,Oct,2013,10
1191,9,1,1,0,Sun,1,Oct,2013,10
1192,7,1,1,0,Mon,1,Oct,2013,10
1193,5,1,1,0,Tue,1,Oct,2013,10
1194,13,1,1,0,Wed,1,Oct,2013,10
1195,9,1,1,0,Thu,1,Oct,2013,10
1196,12,1,1,0,Fri,1,Oct,2013,10
1197,15,1,1,0,Sat,1,Oct,2013,10
1198,3,1,1,0,Sun,1,Oct,2013,10
1199,1,1,1,0,Mon,1,Oct,2013,10
1200,4,1,1,0,Tue,1,Oct,2013,10
1201,6,1,1,0,Wed,1,Oct,2013,10
1202,7,1,1,0,Thu,1,Oct,2013,10
1203,12,1,1,0,Fri,1,Nov,2013,11
1204,6,1,1,0,Sat,1,Nov,2013,11
1205,11,1,1,0,Sun,1,Nov,2013,11
1206,6,1,1,0,Mon,1,Nov,2013,11
1207,2,1,1,0,Tue,1,Nov,2013,11
1208,6,1,1,0,Wed,1,Nov,2013,11
1209,5,1,1,0,Thu,1,Nov,2013,11
1210,4,1,1,0,Fri,1,Nov,2013,11
1211,14,1,1,0,Sat,1,Nov,2013,11
1212,13,1,1,0,Sun,1,Nov,2013,11
1213,5,1,1,0,Mon,1,Nov,2013,11
1214,3,1,1,0,Tue,1,Nov,2013,11
1215,5,1,1,0,Wed,1,Nov,2013,11
1216,4,1,1,0,Thu,1,Nov,2013,11
1217,7,1,1,0,Fri,1,Nov,2013,11
1218,12,1,1,0,Sat,1,Nov,2013,11
1219,14,1,1,0,Sun,1,Nov,2013,11
1220,8,1,1,0,Mon,1,Nov,2013,11
1221,8,1,1,0,Tue,1,Nov,2013,11
1222,6,1,1,0,Wed,1,Nov,2013,11
1223,6,1,1,0,Thu,1,Nov,2013,11
1224,14,1,1,0,Fri,1,Nov,2013,11
1225,8,1,1,0,Sat,1,Nov,2013,11
1226,13,1,1,0,Sun,1,Nov,2013,11
1227,8,1,1,0,Mon,1,Nov,2013,11
1228,9,1,1,0,Tue,1,Nov,2013,11
1229,7,1,1,0,Wed,1,Nov,2013,11
1230,12,1,1,0,Thu,1,Nov,2013,11
1231,6,1,1,0,Fri,1,Nov,2013,11
1232,9,1,1,0,Sat,1,Nov,2013,11
1233,7,1,1,0,Sun,1,Dec,2013,12
1234,2,1,1,0,Mon,1,Dec,2013,12
1235,11,1,1,0,Tue,1,Dec,2013,12
1236,1,1,1,0,Wed,1,Dec,2013,12
1237,10,1,1,0,Thu,1,Dec,2013,12
1238,11,1,1,0,Fri,1,Dec,2013,12
1239,14,1,1,0,Sat,1,Dec,2013,12
1240,14,1,1,0,Sun,1,Dec,2013,12
1241,6,1,1,0,Mon,1,Dec,2013,12
1242,4,1,1,0,Tue,1,Dec,2013,12
1243,8,1,1,0,Wed,1,Dec,2013,12
1244,9,1,1,0,Thu,1,Dec,2013,12
1245,#N/A,1,1,0,Fri,1,Dec,2013,12
1246,7,1,1,0,Sat,1,Dec,2013,12
1247,12,1,1,0,Sun,1,Dec,2013,12
1248,1,1,1,0,Mon,1,Dec,2013,12
1249,5,1,1,0,Tue,1,Dec,2013,12
1250,9,1,1,0,Wed,1,Dec,2013,12
1251,7,1,1,0,Thu,1,Dec,2013,12
1252,6,1,1,0,Fri,1,Dec,2013,12
1253,10,1,1,0,Sat,1,Dec,2013,12
1254,9,1,1,0,Sun,1,Dec,2013,12
1255,5,1,1,0,Mon,1,Dec,2013,12
1256,10,1,1,0,Tue,1,Dec,2013,12
1257,13,1,1,0,Wed,1,Dec,2013,12
1258,3,1,1,0,Thu,1,Dec,2013,12
1259,9,1,1,0,Fri,1,Dec,2013,12
1260,13,1,1,0,Sat,1,Dec,2013,12
1261,16,1,1,0,Sun,1,Dec,2013,12
1262,9,1,1,0,Mon,1,Dec,2013,12
1263,9,1,1,0,Tue,1,Dec,2013,12
1264,12,1,1,0,Wed,1,Jan,2014,1
1265,11,1,1,0,Thu,1,Jan,2014,1
1266,10,1,1,0,Fri,1,Jan,2014,1
1267,13,1,1,0,Sat,1,Jan,2014,1
1268,16,1,1,0,Sun,1,Jan,2014,1
1269,6,1,1,0,Mon,1,Jan,2014,1
1270,12,1,1,0,Tue,1,Jan,2014,1
1271,3,1,1,0,Wed,1,Jan,2014,1
1272,4,1,1,0,Thu,1,Jan,2014,1
1273,12,1,1,0,Fri,1,Jan,2014,1
1274,14,1,1,0,Sat,1,Jan,2014,1
1275,10,1,1,0,Sun,1,Jan,2014,1
1276,6,1,1,0,Mon,1,Jan,2014,1
1277,7,1,1,0,Tue,1,Jan,2014,1
1278,5,1,1,0,Wed,1,Jan,2014,1
1279,7,1,1,0,Thu,1,Jan,2014,1
1280,10,1,1,0,Fri,1,Jan,2014,1
1281,13,1,1,0,Sat,1,Jan,2014,1
1282,17,1,1,0,Sun,1,Jan,2014,1
1283,12,1,1,0,Mon,1,Jan,2014,1
1284,4,1,1,0,Tue,1,Jan,2014,1
1285,7,1,1,0,Wed,1,Jan,2014,1
1286,5,1,1,0,Thu,1,Jan,2014,1
1287,7,1,1,0,Fri,1,Jan,2014,1
1288,14,1,1,0,Sat,1,Jan,2014,1
1289,15,1,1,0,Sun,1,Jan,2014,1
1290,2,1,1,0,Mon,1,Jan,2014,1
1291,6,1,1,0,Tue,1,Jan,2014,1
1292,4,1,1,0,Wed,1,Jan,2014,1
1293,9,1,1,0,Thu,1,Jan,2014,1
1294,9,1,1,0,Fri,1,Jan,2014,1
1295,13,1,1,0,Sat,1,Feb,2014,2
1296,19,1,1,0,Sun,1,Feb,2014,2
1297,8,1,1,0,Mon,1,Feb,2014,2
1298,9,1,1,0,Tue,1,Feb,2014,2
1299,11,1,1,0,Wed,1,Feb,2014,2
1300,6,1,1,0,Thu,1,Feb,2014,2
1301,7,1,1,0,Fri,1,Feb,2014,2
1302,6,1,1,0,Sat,1,Feb,2014,2
1303,2,1,1,0,Sun,1,Feb,2014,2
1304,10,1,1,0,Mon,1,Feb,2014,2
1305,6,1,1,0,Tue,1,Feb,2014,2
1306,5,1,1,0,Wed,1,Feb,2014,2
1307,7,1,1,0,Thu,1,Feb,2014,2
1308,11,1,1,0,Fri,1,Feb,2014,2
1309,10,1,1,0,Sat,1,Feb,2014,2
1310,9,1,1,0,Sun,1,Feb,2014,2
1311,6,1,1,0,Mon,1,Feb,2014,2
1312,9,1,1,0,Tue,1,Feb,2014,2
1313,2,1,1,0,Wed,1,Feb,2014,2
1314,9,1,1,0,Thu,1,Feb,2014,2
1315,9,1,1,0,Fri,1,Feb,2014,2
1316,9,1,1,0,Sat,1,Feb,2014,2
1317,11,1,1,0,Sun,1,Feb,2014,2
1318,7,1,1,0,Mon,1,Feb,2014,2
1319,2,1,1,0,Tue,1,Feb,2014,2
1320,4,1,1,0,Wed,1,Feb,2014,2
1321,9,1,1,0,Thu,1,Feb,2014,2
1322,11,1,1,0,Fri,1,Feb,2014,2
1323,10,1,1,0,Sat,1,Mar,2014,3
1324,9,1,1,0,Sun,1,Mar,2014,3
1325,6,1,1,0,Mon,1,Mar,2014,3
1326,3,1,1,0,Tue,1,Mar,2014,3
1327,3,1,1,0,Wed,1,Mar,2014,3
1328,5,1,1,0,Thu,1,Mar,2014,3
1329,12,1,1,0,Fri,1,Mar,2014,3
1330,9,1,1,0,Sat,1,Mar,2014,3
1331,5,1,1,0,Sun,1,Mar,2014,3
1332,3,1,1,0,Mon,1,Mar,2014,3
1333,5,1,1,0,Tue,1,Mar,2014,3
1334,9,1,1,0,Wed,1,Mar,2014,3
1335,9,1,1,0,Thu,1,Mar,2014,3
1336,5,1,1,0,Fri,1,Mar,2014,3
1337,7,1,1,0,Sat,1,Mar,2014,3
1338,4,1,1,0,Sun,1,Mar,2014,3
1339,5,1,1,0,Mon,1,Mar,2014,3
1340,4,1,1,0,Tue,1,Mar,2014,3
1341,1,1,1,0,Wed,1,Mar,2014,3
1342,1,1,1,0,Thu,1,Mar,2014,3
1343,1,1,1,0,Fri,1,Mar,2014,3
1344,1,1,1,0,Sat,1,Mar,2014,3
1345,3,1,1,0,Sun,1,Mar,2014,3
1346,2,1,1,0,Mon,1,Mar,2014,3
1347,2,1,1,0,Tue,1,Mar,2014,3
1348,7,1,1,0,Wed,1,Mar,2014,3
1349,11,1,1,0,Thu,1,Mar,2014,3
1350,14,1,1,0,Fri,1,Mar,2014,3
1351,12,1,1,0,Sat,1,Mar,2014,3
1352,14,1,1,0,Sun,1,Mar,2014,3
1353,7,1,1,0,Mon,1,Mar,2014,3
1354,7,1,1,0,Tue,1,Apr,2014,4
1355,7,1,1,0,Wed,1,Apr,2014,4
1356,8,1,1,0,Thu,1,Apr,2014,4
1357,14,1,1,0,Fri,1,Apr,2014,4
1358,8,1,1,0,Sat,1,Apr,2014,4
1359,10,1,1,0,Sun,1,Apr,2014,4
1360,9,1,1,0,Mon,1,Apr,2014,4
1361,6,1,1,0,Tue,1,Apr,2014,4
1362,5,1,1,0,Wed,1,Apr,2014,4
1363,5,1,1,0,Thu,1,Apr,2014,4
1364,11,1,1,0,Fri,1,Apr,2014,4
1365,14,1,1,0,Sat,1,Apr,2014,4
1366,11,1,1,0,Sun,1,Apr,2014,4
1367,2,1,1,0,Mon,1,Apr,2014,4
1368,6,1,1,0,Tue,1,Apr,2014,4
1369,3,1,1,0,Wed,1,Apr,2014,4
1370,5,1,1,0,Thu,1,Apr,2014,4
1371,6,1,1,0,Fri,1,Apr,2014,4
1372,2,1,1,0,Sat,1,Apr,2014,4
1373,13,1,1,0,Sun,1,Apr,2014,4
1374,5,1,1,0,Mon,1,Apr,2014,4
1375,4,1,1,0,Tue,1,Apr,2014,4
1376,5,1,1,0,Wed,1,Apr,2014,4
1377,5,1,1,0,Thu,1,Apr,2014,4
1378,14,1,1,0,Fri,1,Apr,2014,4
1379,10,1,1,0,Sat,1,Apr,2014,4
1380,7,1,1,0,Sun,1,Apr,2014,4
1381,5,1,1,0,Mon,1,Apr,2014,4
1382,7,1,1,0,Tue,1,Apr,2014,4
1383,5,1,1,0,Wed,1,Apr,2014,4
1384,5,1,1,0,Thu,1,May,2014,5
1385,6,1,1,0,Fri,1,May,2014,5
1386,5,1,1,0,Sat,1,May,2014,5
1387,10,1,1,0,Sun,1,May,2014,5
1388,4,1,1,0,Mon,1,May,2014,5
1389,12,1,1,0,Tue,1,May,2014,5
1390,10,1,1,0,Wed,1,May,2014,5
1391,6,1,1,0,Thu,1,May,2014,5
1392,11,1,1,0,Fri,1,May,2014,5
1393,13,1,1,0,Sat,1,May,2014,5
1394,12,1,1,0,Sun,1,May,2014,5
1395,10,1,1,0,Mon,1,May,2014,5
1396,14,1,1,0,Tue,1,May,2014,5
1397,12,1,1,0,Wed,1,May,2014,5
1398,3,1,1,0,Thu,1,May,2014,5
1399,11,1,1,0,Fri,1,May,2014,5
1400,10,1,1,0,Sat,1,May,2014,5
1401,14,1,1,0,Sun,1,May,2014,5
1402,4,1,1,0,Mon,1,May,2014,5
1403,8,1,1,0,Tue,1,May,2014,5
1404,7,1,1,0,Wed,1,May,2014,5
1405,6,1,1,0,Thu,1,May,2014,5
1406,4,1,1,0,Fri,1,May,2014,5
1407,12,1,1,0,Sat,1,May,2014,5
1408,12,1,1,0,Sun,1,May,2014,5
1409,12,1,1,0,Mon,1,May,2014,5
1410,10,1,1,0,Tue,1,May,2014,5
1411,10,1,1,0,Wed,1,May,2014,5
1412,5,1,1,0,Thu,1,May,2014,5
1413,13,1,1,0,Fri,1,May,2014,5
1414,9,1,1,0,Sat,1,May,2014,5
1415,5,1,1,0,Sun,1,Jun,2014,6
1416,11,1,1,0,Mon,1,Jun,2014,6
1417,4,1,1,0,Tue,1,Jun,2014,6
1418,10,1,1,0,Wed,1,Jun,2014,6
1419,8,1,1,0,Thu,1,Jun,2014,6
1420,13,1,1,0,Fri,1,Jun,2014,6
1421,5,1,1,0,Sat,1,Jun,2014,6
0,#N/A,0,0,1,Sat,0,Jul,2010,7
1,3,0,0,1,Sun,0,Jul,2010,7
2,1,0,0,1,Mon,0,Jul,2010,7
3,#N/A,0,0,1,Tue,0,Jul,2010,7
4,1,0,0,1,Wed,0,Jul,2010,7
5,1,0,0,1,Thu,0,Jul,2010,7
6,1,0,0,1,Fri,0,Jul,2010,7
7,2,0,0,1,Sat,0,Jul,2010,7
8,#N/A,0,0,1,Sun,0,Jul,2010,7
9,1,0,0,1,Mon,0,Jul,2010,7
10,1,0,0,1,Tue,0,Jul,2010,7
11,1,0,0,1,Wed,0,Jul,2010,7
12,#N/A,0,0,1,Thu,0,Jul,2010,7
13,2,0,0,1,Fri,0,Jul,2010,7
14,4,0,0,1,Sat,0,Jul,2010,7
15,3,0,0,1,Sun,0,Aug,2010,8
16,#N/A,0,0,1,Mon,0,Aug,2010,8
17,2,0,0,1,Tue,0,Aug,2010,8
18,1,0,0,1,Wed,0,Aug,2010,8
19,1,0,0,1,Thu,0,Aug,2010,8
20,1,0,0,1,Fri,0,Aug,2010,8
21,3,0,0,1,Sat,0,Aug,2010,8
22,#N/A,0,0,1,Sun,0,Aug,2010,8
23,2,0,0,1,Mon,0,Aug,2010,8
24,#N/A,0,0,1,Tue,0,Aug,2010,8
25,1,0,0,1,Wed,0,Aug,2010,8
26,2,0,0,1,Thu,0,Aug,2010,8
27,3,0,0,1,Fri,0,Aug,2010,8
28,1,0,0,1,Sat,0,Aug,2010,8
29,#N/A,0,0,1,Sun,0,Aug,2010,8
30,2,0,0,1,Mon,0,Aug,2010,8
31,#N/A,0,0,1,Tue,0,Aug,2010,8
32,1,0,0,1,Wed,0,Aug,2010,8
33,1,0,0,1,Thu,0,Aug,2010,8
34,2,0,0,1,Fri,0,Aug,2010,8
35,2,0,0,1,Sat,0,Aug,2010,8
36,4,0,0,1,Sun,0,Aug,2010,8
37,#N/A,0,0,1,Mon,0,Aug,2010,8
38,2,0,0,1,Tue,0,Aug,2010,8
39,#N/A,0,0,1,Wed,0,Aug,2010,8
40,2,0,0,1,Thu,0,Aug,2010,8
41,#N/A,0,0,1,Fri,0,Aug,2010,8
42,1,0,0,1,Sat,0,Aug,2010,8
43,#N/A,0,0,1,Sun,0,Aug,2010,8
44,#N/A,0,0,1,Mon,0,Aug,2010,8
45,1,0,0,1,Tue,0,Aug,2010,8
46,1,0,0,1,Wed,0,Sep,2010,9
47,1,0,0,1,Thu,0,Sep,2010,9
48,2,0,0,1,Fri,0,Sep,2010,9
49,2,0,0,1,Sat,0,Sep,2010,9
50,2,0,0,1,Sun,0,Sep,2010,9
51,2,0,0,1,Mon,0,Sep,2010,9
52,1,0,0,1,Tue,0,Sep,2010,9
53,#N/A,0,0,1,Wed,0,Sep,2010,9
54,2,0,0,1,Thu,0,Sep,2010,9
55,#N/A,0,0,1,Fri,0,Sep,2010,9
56,3,0,0,1,Sat,0,Sep,2010,9
57,1,0,0,1,Sun,0,Sep,2010,9
58,3,0,0,1,Mon,0,Sep,2010,9
59,1,0,0,1,Tue,0,Sep,2010,9
60,1,0,0,1,Wed,0,Sep,2010,9
61,2,0,0,1,Thu,0,Sep,2010,9
62,2,0,0,1,Fri,0,Sep,2010,9
63,2,0,0,1,Sat,0,Sep,2010,9
64,1,0,0,1,Sun,0,Sep,2010,9
65,1,0,0,1,Mon,0,Sep,2010,9
66,4,0,0,1,Tue,0,Sep,2010,9
67,#N/A,0,0,1,Wed,0,Sep,2010,9
68,1,0,0,1,Thu,0,Sep,2010,9
69,3,0,0,1,Fri,0,Sep,2010,9
70,1,0,0,1,Sat,0,Sep,2010,9
71,#N/A,0,0,1,Sun,0,Sep,2010,9
72,#N/A,0,0,1,Mon,0,Sep,2010,9
73,#N/A,0,0,1,Tue,0,Sep,2010,9
74,2,0,0,1,Wed,0,Sep,2010,9
75,1,0,0,1,Thu,0,Sep,2010,9
76,#N/A,0,0,1,Fri,0,Oct,2010,10
77,#N/A,0,0,1,Sat,0,Oct,2010,10
78,4,0,0,1,Sun,0,Oct,2010,10
79,3,0,0,1,Mon,0,Oct,2010,10
80,2,0,0,1,Tue,0,Oct,2010,10
81,#N/A,0,0,1,Wed,0,Oct,2010,10
82,1,0,0,1,Thu,0,Oct,2010,10
83,4,0,0,1,Fri,0,Oct,2010,10
84,#N/A,0,0,1,Sat,0,Oct,2010,10
85,1,0,0,1,Sun,0,Oct,2010,10
86,1,0,0,1,Mon,0,Oct,2010,10
87,1,0,0,1,Tue,0,Oct,2010,10
88,1,0,0,1,Wed,0,Oct,2010,10
89,1,0,0,1,Thu,0,Oct,2010,10
90,2,0,0,1,Fri,0,Oct,2010,10
91,2,0,0,1,Sat,0,Oct,2010,10
92,2,0,0,1,Sun,0,Oct,2010,10
93,1,0,0,1,Mon,0,Oct,2010,10
94,1,0,0,1,Tue,0,Oct,2010,10
95,1,0,0,1,Wed,0,Oct,2010,10
96,1,0,0,1,Thu,0,Oct,2010,10
97,1,0,0,1,Fri,0,Oct,2010,10
98,2,0,0,1,Sat,0,Oct,2010,10
99,2,0,0,1,Sun,0,Oct,2010,10
100,1,0,0,1,Mon,0,Oct,2010,10
101,#N/A,0,0,1,Tue,0,Oct,2010,10
102,2,0,0,1,Wed,0,Oct,2010,10
103,1,0,0,1,Thu,0,Oct,2010,10
104,1,0,0,1,Fri,0,Oct,2010,10
105,3,0,0,1,Sat,0,Oct,2010,10
106,1,0,0,1,Sun,0,Oct,2010,10
107,#N/A,0,0,1,Mon,0,Nov,2010,11
108,#N/A,0,0,1,Tue,0,Nov,2010,11
109,1,0,0,1,Wed,0,Nov,2010,11
110,1,0,0,1,Thu,0,Nov,2010,11
111,1,0,0,1,Fri,0,Nov,2010,11
112,#N/A,0,0,1,Sat,0,Nov,2010,11
113,2,0,0,1,Sun,0,Nov,2010,11
114,1,0,0,1,Mon,0,Nov,2010,11
115,#N/A,0,0,1,Tue,0,Nov,2010,11
116,#N/A,0,0,1,Wed,0,Nov,2010,11
117,#N/A,0,0,1,Thu,0,Nov,2010,11
118,1,0,0,1,Fri,0,Nov,2010,11
119,3,0,0,1,Sat,0,Nov,2010,11
120,1,0,0,1,Sun,0,Nov,2010,11
121,3,0,0,1,Mon,0,Nov,2010,11
122,1,0,0,1,Tue,0,Nov,2010,11
123,1,0,0,1,Wed,0,Nov,2010,11
124,1,0,0,1,Thu,0,Nov,2010,11
125,1,0,0,1,Fri,0,Nov,2010,11
126,2,0,0,1,Sat,0,Nov,2010,11
127,1,0,0,1,Sun,0,Nov,2010,11
128,2,0,0,1,Mon,0,Nov,2010,11
129,3,0,0,1,Tue,0,Nov,2010,11
130,2,0,0,1,Wed,0,Nov,2010,11
131,#N/A,0,0,1,Thu,0,Nov,2010,11
132,#N/A,0,0,1,Fri,0,Nov,2010,11
133,2,0,0,1,Sat,0,Nov,2010,11
134,1,0,0,1,Sun,0,Nov,2010,11
135,3,0,0,1,Mon,0,Nov,2010,11
136,2,0,0,1,Tue,0,Nov,2010,11
137,4,0,0,1,Wed,0,Dec,2010,12
138,#N/A,0,0,1,Thu,0,Dec,2010,12
139,1,0,0,1,Fri,0,Dec,2010,12
140,3,0,0,1,Sat,0,Dec,2010,12
141,1,0,0,1,Sun,0,Dec,2010,12
142,1,0,0,1,Mon,0,Dec,2010,12
143,1,0,0,1,Tue,0,Dec,2010,12
144,1,0,0,1,Wed,0,Dec,2010,12
145,1,0,0,1,Thu,0,Dec,2010,12
146,#N/A,0,0,1,Fri,0,Dec,2010,12
147,#N/A,0,0,1,Sat,0,Dec,2010,12
148,#N/A,0,0,1,Sun,0,Dec,2010,12
149,1,0,0,1,Mon,0,Dec,2010,12
150,1,0,0,1,Tue,0,Dec,2010,12
151,3,0,0,1,Wed,0,Dec,2010,12
152,2,0,0,1,Thu,0,Dec,2010,12
153,1,0,0,1,Fri,0,Dec,2010,12
154,4,0,0,1,Sat,0,Dec,2010,12
155,2,0,0,1,Sun,0,Dec,2010,12
156,2,0,0,1,Mon,0,Dec,2010,12
157,1,0,0,1,Tue,0,Dec,2010,12
158,#N/A,0,0,1,Wed,0,Dec,2010,12
159,#N/A,0,0,1,Thu,0,Dec,2010,12
160,6,0,0,1,Fri,0,Dec,2010,12
161,#N/A,0,0,1,Sat,0,Dec,2010,12
162,5,0,0,1,Sun,0,Dec,2010,12
163,1,0,0,1,Mon,0,Dec,2010,12
164,1,0,0,1,Tue,0,Dec,2010,12
165,#N/A,0,0,1,Wed,0,Dec,2010,12
166,#N/A,0,0,1,Thu,0,Dec,2010,12
167,1,0,0,1,Fri,0,Dec,2010,12
168,2,0,0,1,Sat,0,Jan,2011,1
169,1,0,0,1,Sun,0,Jan,2011,1
170,#N/A,0,0,1,Mon,0,Jan,2011,1
171,#N/A,0,0,1,Tue,0,Jan,2011,1
172,3,0,0,1,Wed,0,Jan,2011,1
173,3,0,0,1,Thu,0,Jan,2011,1
174,3,0,0,1,Fri,0,Jan,2011,1
175,1,0,0,1,Sat,0,Jan,2011,1
176,1,0,0,1,Sun,0,Jan,2011,1
177,3,0,0,1,Mon,0,Jan,2011,1
178,1,0,0,1,Tue,0,Jan,2011,1
179,1,0,0,1,Wed,0,Jan,2011,1
180,1,0,0,1,Thu,0,Jan,2011,1
181,1,0,0,1,Fri,0,Jan,2011,1
182,1,0,0,1,Sat,0,Jan,2011,1
183,2,0,0,1,Sun,0,Jan,2011,1
184,1,0,0,1,Mon,0,Jan,2011,1
185,#N/A,0,0,1,Tue,0,Jan,2011,1
186,#N/A,0,0,1,Wed,0,Jan,2011,1
187,3,0,0,1,Thu,0,Jan,2011,1
188,1,0,0,1,Fri,0,Jan,2011,1
189,1,0,0,1,Sat,0,Jan,2011,1
190,1,0,0,1,Sun,0,Jan,2011,1
191,#N/A,0,0,1,Mon,0,Jan,2011,1
192,1,0,0,1,Tue,0,Jan,2011,1
193,1,0,0,1,Wed,0,Jan,2011,1
194,#N/A,0,0,1,Thu,0,Jan,2011,1
195,3,0,0,1,Fri,0,Jan,2011,1
196,3,0,0,1,Sat,0,Jan,2011,1
197,2,0,0,1,Sun,0,Jan,2011,1
198,#N/A,0,0,1,Mon,0,Jan,2011,1
199,#N/A,0,0,1,Tue,0,Jan,2011,1
200,1,0,0,1,Wed,0,Feb,2011,2
201,#N/A,0,0,1,Thu,0,Feb,2011,2
202,3,0,0,1,Fri,0,Feb,2011,2
203,1,0,0,1,Sat,0,Feb,2011,2
204,6,0,0,1,Sun,0,Feb,2011,2
205,2,0,0,1,Mon,0,Feb,2011,2
206,#N/A,0,0,1,Tue,0,Feb,2011,2
207,1,0,0,1,Wed,0,Feb,2011,2
208,1,0,0,1,Thu,0,Feb,2011,2
209,1,0,0,1,Fri,0,Feb,2011,2
210,1,0,0,1,Sat,0,Feb,2011,2
211,3,0,0,1,Sun,0,Feb,2011,2
212,1,0,0,1,Mon,0,Feb,2011,2
213,#N/A,0,0,1,Tue,0,Feb,2011,2
214,#N/A,0,0,1,Wed,0,Feb,2011,2
215,2,0,0,1,Thu,0,Feb,2011,2
216,#N/A,0,0,1,Fri,0,Feb,2011,2
217,2,0,0,1,Sat,0,Feb,2011,2
218,#N/A,0,0,1,Sun,0,Feb,2011,2
219,1,0,0,1,Mon,0,Feb,2011,2
220,#N/A,0,0,1,Tue,0,Feb,2011,2
221,2,0,0,1,Wed,0,Feb,2011,2
222,1,0,0,1,Thu,0,Feb,2011,2
223,1,0,0,1,Fri,0,Feb,2011,2
224,2,0,0,1,Sat,0,Feb,2011,2
225,2,0,0,1,Sun,0,Feb,2011,2
226,1,0,0,1,Mon,0,Feb,2011,2
227,2,0,0,1,Tue,0,Mar,2011,3
228,1,0,0,1,Wed,0,Mar,2011,3
229,2,0,0,1,Thu,0,Mar,2011,3
230,1,0,0,1,Fri,0,Mar,2011,3
231,3,0,0,1,Sat,0,Mar,2011,3
232,3,0,0,1,Sun,0,Mar,2011,3
233,2,0,0,1,Mon,0,Mar,2011,3
234,#N/A,0,0,1,Tue,0,Mar,2011,3
235,#N/A,0,0,1,Wed,0,Mar,2011,3
236,2,0,0,1,Thu,0,Mar,2011,3
237,4,0,0,1,Fri,0,Mar,2011,3
238,2,0,0,1,Sat,0,Mar,2011,3
239,2,0,0,1,Sun,0,Mar,2011,3
240,1,0,0,1,Mon,0,Mar,2011,3
241,1,0,0,1,Tue,0,Mar,2011,3
242,#N/A,0,0,1,Wed,0,Mar,2011,3
243,2,0,0,1,Thu,0,Mar,2011,3
244,#N/A,0,0,1,Fri,0,Mar,2011,3
245,2,0,0,1,Sat,0,Mar,2011,3
246,6,0,0,1,Sun,0,Mar,2011,3
247,#N/A,0,0,1,Mon,0,Mar,2011,3
248,1,0,0,1,Tue,0,Mar,2011,3
249,#N/A,0,0,1,Wed,0,Mar,2011,3
250,1,0,0,1,Thu,0,Mar,2011,3
251,#N/A,0,0,1,Fri,0,Mar,2011,3
252,#N/A,0,0,1,Sat,0,Mar,2011,3
253,#N/A,0,0,1,Sun,0,Mar,2011,3
254,#N/A,0,0,1,Mon,0,Mar,2011,3
255,2,0,0,1,Tue,0,Mar,2011,3
256,#N/A,0,0,1,Wed,0,Mar,2011,3
257,1,0,0,1,Thu,0,Mar,2011,3
258,#N/A,0,0,1,Fri,0,Apr,2011,4
259,1,0,0,1,Sat,0,Apr,2011,4
260,4,0,0,1,Sun,0,Apr,2011,4
261,#N/A,0,0,1,Mon,0,Apr,2011,4
262,#N/A,0,0,1,Tue,0,Apr,2011,4
263,#N/A,0,0,1,Wed,0,Apr,2011,4
264,#N/A,0,0,1,Thu,0,Apr,2011,4
265,1,0,0,1,Fri,0,Apr,2011,4
266,2,0,0,1,Sat,0,Apr,2011,4
267,1,0,0,1,Sun,0,Apr,2011,4
268,2,0,0,1,Mon,0,Apr,2011,4
269,2,0,0,1,Tue,0,Apr,2011,4
270,#N/A,0,0,1,Wed,0,Apr,2011,4
271,2,0,0,1,Thu,0,Apr,2011,4
272,#N/A,0,0,1,Fri,0,Apr,2011,4
273,2,0,0,1,Sat,0,Apr,2011,4
274,#N/A,0,0,1,Sun,0,Apr,2011,4
275,#N/A,0,0,1,Mon,0,Apr,2011,4
276,3,0,0,1,Tue,0,Apr,2011,4
277,2,0,0,1,Wed,0,Apr,2011,4
278,1,0,0,1,Thu,0,Apr,2011,4
279,2,0,0,1,Fri,0,Apr,2011,4
280,#N/A,0,0,1,Sat,0,Apr,2011,4
281,1,0,0,1,Sun,0,Apr,2011,4
282,1,0,0,1,Mon,0,Apr,2011,4
283,1,0,0,1,Tue,0,Apr,2011,4
284,#N/A,0,0,1,Wed,0,Apr,2011,4
285,2,0,0,1,Thu,0,Apr,2011,4
286,#N/A,0,0,1,Fri,0,Apr,2011,4
287,4,0,0,1,Sat,0,Apr,2011,4
288,4,0,0,1,Sun,0,May,2011,5
289,2,0,0,1,Mon,0,May,2011,5
290,1,0,0,1,Tue,0,May,2011,5
291,1,0,0,1,Wed,0,May,2011,5
292,4,0,0,1,Thu,0,May,2011,5
293,2,0,0,1,Fri,0,May,2011,5
294,2,0,0,1,Sat,0,May,2011,5
295,2,0,0,1,Sun,0,May,2011,5
296,2,0,0,1,Mon,0,May,2011,5
297,#N/A,0,0,1,Tue,0,May,2011,5
298,1,0,0,1,Wed,0,May,2011,5
299,1,0,0,1,Thu,0,May,2011,5
300,1,0,0,1,Fri,0,May,2011,5
301,2,0,0,1,Sat,0,May,2011,5
302,1,0,0,1,Sun,0,May,2011,5
303,2,0,0,1,Mon,0,May,2011,5
304,#N/A,0,0,1,Tue,0,May,2011,5
305,1,0,0,1,Wed,0,May,2011,5
306,2,0,0,1,Thu,0,May,2011,5
307,#N/A,0,0,1,Fri,0,May,2011,5
308,2,0,0,1,Sat,0,May,2011,5
309,1,0,0,1,Sun,0,May,2011,5
310,#N/A,0,0,1,Mon,0,May,2011,5
311,1,0,0,1,Tue,0,May,2011,5
312,2,0,0,1,Wed,0,May,2011,5
313,3,0,0,1,Thu,0,May,2011,5
314,5,0,0,1,Fri,0,May,2011,5
315,1,0,0,1,Sat,0,May,2011,5
316,2,0,0,1,Sun,0,May,2011,5
317,5,0,0,1,Mon,0,May,2011,5
318,3,0,0,1,Tue,0,May,2011,5
319,#N/A,0,0,1,Wed,0,Jun,2011,6
320,2,0,0,1,Thu,0,Jun,2011,6
321,1,0,0,1,Fri,0,Jun,2011,6
322,2,0,0,1,Sat,0,Jun,2011,6
323,4,0,0,1,Sun,0,Jun,2011,6
324,2,0,0,1,Mon,0,Jun,2011,6
325,#N/A,0,0,1,Tue,0,Jun,2011,6
326,1,0,0,1,Wed,0,Jun,2011,6
327,#N/A,0,0,1,Thu,0,Jun,2011,6
328,#N/A,0,0,1,Fri,0,Jun,2011,6
329,#N/A,0,0,1,Sat,0,Jun,2011,6
330,#N/A,0,0,1,Sun,0,Jun,2011,6
331,#N/A,0,0,1,Mon,0,Jun,2011,6
332,2,0,0,1,Tue,0,Jun,2011,6
333,#N/A,0,0,1,Wed,0,Jun,2011,6
334,#N/A,0,0,1,Thu,0,Jun,2011,6
335,#N/A,0,0,1,Fri,0,Jun,2011,6
336,5,0,0,1,Sat,0,Jun,2011,6
337,#N/A,0,0,1,Sun,0,Jun,2011,6
338,#N/A,0,0,1,Mon,0,Jun,2011,6
339,2,0,0,1,Tue,0,Jun,2011,6
340,1,0,0,1,Wed,0,Jun,2011,6
341,3,0,0,1,Thu,0,Jun,2011,6
342,#N/A,0,0,1,Fri,0,Jun,2011,6
343,1,0,0,1,Sat,0,Jun,2011,6
344,#N/A,0,0,1,Sun,0,Jun,2011,6
345,#N/A,0,0,1,Mon,0,Jun,2011,6
346,#N/A,0,0,1,Tue,0,Jun,2011,6
347,#N/A,0,0,1,Wed,0,Jun,2011,6
348,#N/A,0,0,1,Thu,0,Jun,2011,6
349,2,0,0,1,Fri,0,Jul,2011,7
350,6,0,0,1,Sat,0,Jul,2011,7
351,4,0,0,1,Sun,0,Jul,2011,7
352,1,0,0,1,Mon,0,Jul,2011,7
353,1,0,0,1,Tue,0,Jul,2011,7
354,1,0,0,1,Wed,0,Jul,2011,7
355,#N/A,0,0,1,Thu,0,Jul,2011,7
356,1,0,0,1,Fri,0,Jul,2011,7
357,#N/A,0,0,1,Sat,0,Jul,2011,7
358,2,0,0,1,Sun,0,Jul,2011,7
359,#N/A,0,0,1,Mon,0,Jul,2011,7
360,1,0,0,1,Tue,0,Jul,2011,7
361,1,0,0,1,Wed,0,Jul,2011,7
362,2,0,0,1,Thu,0,Jul,2011,7
363,4,0,0,1,Fri,0,Jul,2011,7
364,1,0,0,1,Sat,0,Jul,2011,7
365,1,0,0,1,Sun,0,Jul,2011,7
366,3,0,0,1,Mon,0,Jul,2011,7
367,#N/A,0,0,1,Tue,0,Jul,2011,7
368,#N/A,0,0,1,Wed,0,Jul,2011,7
369,2,0,0,1,Thu,0,Jul,2011,7
370,2,0,0,1,Fri,0,Jul,2011,7
371,3,0,0,1,Sat,0,Jul,2011,7
372,1,0,0,1,Sun,0,Jul,2011,7
373,1,0,0,1,Mon,0,Jul,2011,7
374,1,0,0,1,Tue,0,Jul,2011,7
375,1,0,0,1,Wed,0,Jul,2011,7
376,3,0,0,1,Thu,0,Jul,2011,7
377,#N/A,0,0,1,Fri,0,Jul,2011,7
378,2,0,0,1,Sat,0,Jul,2011,7
379,3,0,0,1,Sun,0,Jul,2011,7
380,#N/A,0,0,1,Mon,0,Aug,2011,8
381,#N/A,0,0,1,Tue,0,Aug,2011,8
382,1,0,0,1,Wed,0,Aug,2011,8
383,#N/A,0,0,1,Thu,0,Aug,2011,8
384,2,0,0,1,Fri,0,Aug,2011,8
385,#N/A,0,0,1,Sat,0,Aug,2011,8
386,2,0,0,1,Sun,0,Aug,2011,8
387,#N/A,0,0,1,Mon,0,Aug,2011,8
388,#N/A,0,0,1,Tue,0,Aug,2011,8
389,2,0,0,1,Wed,0,Aug,2011,8
390,3,0,0,1,Thu,0,Aug,2011,8
391,1,1,0,1,Fri,0,Aug,2011,8
392,#N/A,1,0,1,Sat,0,Aug,2011,8
393,5,1,0,1,Sun,0,Aug,2011,8
394,2,1,0,1,Mon,0,Aug,2011,8
395,2,1,0,1,Tue,0,Aug,2011,8
396,1,1,0,1,Wed,0,Aug,2011,8
397,2,1,0,1,Thu,0,Aug,2011,8
398,1,1,0,1,Fri,0,Aug,2011,8
399,2,1,0,1,Sat,0,Aug,2011,8
400,5,1,0,1,Sun,0,Aug,2011,8
401,1,1,0,1,Mon,0,Aug,2011,8
402,#N/A,1,0,1,Tue,0,Aug,2011,8
403,1,1,0,1,Wed,0,Aug,2011,8
404,#N/A,1,0,1,Thu,0,Aug,2011,8
405,2,1,0,1,Fri,0,Aug,2011,8
406,2,1,0,1,Sat,0,Aug,2011,8
407,2,1,0,1,Sun,0,Aug,2011,8
408,#N/A,1,0,1,Mon,0,Aug,2011,8
409,#N/A,1,0,1,Tue,0,Aug,2011,8
410,2,1,0,1,Wed,0,Aug,2011,8
411,1,1,0,1,Thu,0,Sep,2011,9
412,#N/A,1,0,1,Fri,0,Sep,2011,9
413,3,1,0,1,Sat,0,Sep,2011,9
414,1,1,0,1,Sun,0,Sep,2011,9
415,5,1,0,1,Mon,0,Sep,2011,9
416,1,1,0,1,Tue,0,Sep,2011,9
417,#N/A,1,0,1,Wed,0,Sep,2011,9
418,#N/A,1,0,1,Thu,0,Sep,2011,9
419,3,1,0,1,Fri,0,Sep,2011,9
420,1,1,0,1,Sat,0,Sep,2011,9
421,1,1,0,1,Sun,0,Sep,2011,9
422,1,1,0,1,Mon,0,Sep,2011,9
423,2,1,0,1,Tue,0,Sep,2011,9
424,2,1,0,1,Wed,0,Sep,2011,9
425,1,1,0,1,Thu,0,Sep,2011,9
426,1,1,0,1,Fri,0,Sep,2011,9
427,4,1,0,1,Sat,0,Sep,2011,9
428,5,1,0,1,Sun,0,Sep,2011,9
429,1,1,0,1,Mon,0,Sep,2011,9
430,1,1,0,1,Tue,0,Sep,2011,9
431,#N/A,1,0,1,Wed,0,Sep,2011,9
432,1,1,0,1,Thu,0,Sep,2011,9
433,1,1,0,1,Fri,0,Sep,2011,9
434,1,1,0,1,Sat,0,Sep,2011,9
435,3,1,0,1,Sun,0,Sep,2011,9
436,1,1,0,1,Mon,0,Sep,2011,9
437,1,1,0,1,Tue,0,Sep,2011,9
438,1,1,0,1,Wed,0,Sep,2011,9
439,2,1,0,1,Thu,0,Sep,2011,9
440,2,1,0,1,Fri,0,Sep,2011,9
441,2,1,0,1,Sat,0,Oct,2011,10
442,1,1,0,1,Sun,0,Oct,2011,10
443,1,1,0,1,Mon,0,Oct,2011,10
444,2,1,0,1,Tue,0,Oct,2011,10
445,1,1,0,1,Wed,0,Oct,2011,10
446,#N/A,1,0,1,Thu,0,Oct,2011,10
447,#N/A,1,0,1,Fri,0,Oct,2011,10
448,2,1,0,1,Sat,0,Oct,2011,10
449,5,1,0,1,Sun,0,Oct,2011,10
450,1,1,0,1,Mon,0,Oct,2011,10
451,#N/A,1,0,1,Tue,0,Oct,2011,10
452,#N/A,1,0,1,Wed,0,Oct,2011,10
453,2,1,0,1,Thu,0,Oct,2011,10
454,#N/A,1,0,1,Fri,0,Oct,2011,10
455,2,1,0,1,Sat,0,Oct,2011,10
456,3,1,0,1,Sun,0,Oct,2011,10
457,#N/A,1,0,1,Mon,0,Oct,2011,10
458,#N/A,1,0,1,Tue,0,Oct,2011,10
459,#N/A,1,0,1,Wed,0,Oct,2011,10
460,1,1,0,1,Thu,0,Oct,2011,10
461,#N/A,1,0,1,Fri,0,Oct,2011,10
462,1,1,0,1,Sat,0,Oct,2011,10
463,#N/A,1,0,1,Sun,0,Oct,2011,10
464,2,1,0,1,Mon,0,Oct,2011,10
465,#N/A,1,0,1,Tue,0,Oct,2011,10
466,1,1,0,1,Wed,0,Oct,2011,10
467,1,1,0,1,Thu,0,Oct,2011,10
468,1,1,0,1,Fri,0,Oct,2011,10
469,1,1,0,1,Sat,0,Oct,2011,10
470,2,1,0,1,Sun,0,Oct,2011,10
471,#N/A,1,0,1,Mon,0,Oct,2011,10
472,2,1,0,1,Tue,0,Nov,2011,11
473,1,1,0,1,Wed,0,Nov,2011,11
474,#N/A,1,0,1,Thu,0,Nov,2011,11
475,#N/A,1,0,1,Fri,0,Nov,2011,11
476,2,1,0,1,Sat,0,Nov,2011,11
477,#N/A,1,0,1,Sun,0,Nov,2011,11
478,1,1,0,1,Mon,0,Nov,2011,11
479,#N/A,1,0,1,Tue,0,Nov,2011,11
480,4,1,0,1,Wed,0,Nov,2011,11
481,1,1,0,1,Thu,0,Nov,2011,11
482,2,1,0,1,Fri,0,Nov,2011,11
483,#N/A,1,0,1,Sat,0,Nov,2011,11
484,1,1,0,1,Sun,0,Nov,2011,11
485,#N/A,1,0,1,Mon,0,Nov,2011,11
486,1,1,0,1,Tue,0,Nov,2011,11
487,1,1,0,1,Wed,0,Nov,2011,11
488,#N/A,1,0,1,Thu,0,Nov,2011,11
489,1,1,0,1,Fri,0,Nov,2011,11
490,#N/A,1,0,1,Sat,0,Nov,2011,11
491,#N/A,1,0,1,Sun,0,Nov,2011,11
492,1,1,0,1,Mon,0,Nov,2011,11
493,#N/A,1,0,1,Tue,0,Nov,2011,11
494,1,1,0,1,Wed,0,Nov,2011,11
495,3,1,0,1,Thu,0,Nov,2011,11
496,#N/A,1,0,1,Fri,0,Nov,2011,11
497,#N/A,1,0,1,Sat,0,Nov,2011,11
498,1,1,0,1,Sun,0,Nov,2011,11
499,1,1,0,1,Mon,0,Nov,2011,11
500,2,1,0,1,Tue,0,Nov,2011,11
501,1,1,0,1,Wed,0,Nov,2011,11
502,4,1,0,1,Thu,0,Dec,2011,12
503,3,1,0,1,Fri,0,Dec,2011,12
504,3,1,0,1,Sat,0,Dec,2011,12
505,2,1,0,1,Sun,0,Dec,2011,12
506,#N/A,1,0,1,Mon,0,Dec,2011,12
507,#N/A,1,0,1,Tue,0,Dec,2011,12
508,#N/A,1,0,1,Wed,0,Dec,2011,12
509,1,1,0,1,Thu,0,Dec,2011,12
510,3,1,0,1,Fri,0,Dec,2011,12
511,4,1,0,1,Sat,0,Dec,2011,12
512,2,1,0,1,Sun,0,Dec,2011,12
513,#N/A,1,0,1,Mon,0,Dec,2011,12
514,2,1,0,1,Tue,0,Dec,2011,12
515,#N/A,1,0,1,Wed,0,Dec,2011,12
516,#N/A,1,0,1,Thu,0,Dec,2011,12
517,1,1,0,1,Fri,0,Dec,2011,12
518,#N/A,1,0,1,Sat,0,Dec,2011,12
519,3,1,0,1,Sun,0,Dec,2011,12
520,1,1,0,1,Mon,0,Dec,2011,12
521,1,1,0,1,Tue,0,Dec,2011,12
522,1,1,0,1,Wed,0,Dec,2011,12
523,#N/A,1,0,1,Thu,0,Dec,2011,12
524,1,1,0,1,Fri,0,Dec,2011,12
525,2,1,0,1,Sat,0,Dec,2011,12
526,1,1,0,1,Sun,0,Dec,2011,12
527,1,1,0,1,Mon,0,Dec,2011,12
528,#N/A,1,0,1,Tue,0,Dec,2011,12
529,#N/A,1,0,1,Wed,0,Dec,2011,12
530,1,1,0,1,Thu,0,Dec,2011,12
531,1,1,0,1,Fri,0,Dec,2011,12
532,2,1,0,1,Sat,0,Dec,2011,12
533,7,1,0,1,Sun,0,Jan,2012,1
534,#N/A,1,0,1,Mon,0,Jan,2012,1
535,#N/A,1,0,1,Tue,0,Jan,2012,1
536,1,1,0,1,Wed,0,Jan,2012,1
537,1,1,0,1,Thu,0,Jan,2012,1
538,1,1,0,1,Fri,0,Jan,2012,1
539,2,1,0,1,Sat,0,Jan,2012,1
540,#N/A,1,0,1,Sun,0,Jan,2012,1
541,#N/A,1,0,1,Mon,0,Jan,2012,1
542,#N/A,1,0,1,Tue,0,Jan,2012,1
543,#N/A,1,0,1,Wed,0,Jan,2012,1
544,3,1,0,1,Thu,0,Jan,2012,1
545,1,1,0,1,Fri,0,Jan,2012,1
546,5,1,0,1,Sat,0,Jan,2012,1
547,3,1,0,1,Sun,0,Jan,2012,1
548,#N/A,1,0,1,Mon,0,Jan,2012,1
549,1,1,0,1,Tue,0,Jan,2012,1
550,2,1,0,1,Wed,0,Jan,2012,1
551,#N/A,1,0,1,Thu,0,Jan,2012,1
552,#N/A,1,0,1,Fri,0,Jan,2012,1
553,1,1,0,1,Sat,0,Jan,2012,1
554,4,1,0,1,Sun,0,Jan,2012,1
555,2,1,0,1,Mon,0,Jan,2012,1
556,2,1,0,1,Tue,0,Jan,2012,1
557,2,1,0,1,Wed,0,Jan,2012,1
558,1,1,0,1,Thu,0,Jan,2012,1
559,1,1,0,1,Fri,0,Jan,2012,1
560,1,1,0,1,Sat,0,Jan,2012,1
561,2,1,0,1,Sun,0,Jan,2012,1
562,1,1,0,1,Mon,0,Jan,2012,1
563,1,1,0,1,Tue,0,Jan,2012,1
564,#N/A,1,0,1,Wed,0,Feb,2012,2
565,#N/A,1,0,1,Thu,0,Feb,2012,2
566,2,1,0,1,Fri,0,Feb,2012,2
567,3,1,0,1,Sat,0,Feb,2012,2
568,6,1,0,1,Sun,0,Feb,2012,2
569,1,1,0,1,Mon,0,Feb,2012,2
570,#N/A,1,0,1,Tue,0,Feb,2012,2
571,1,1,0,1,Wed,0,Feb,2012,2
572,#N/A,1,0,1,Thu,0,Feb,2012,2
573,2,1,0,1,Fri,0,Feb,2012,2
574,1,1,0,1,Sat,0,Feb,2012,2
575,3,1,0,1,Sun,0,Feb,2012,2
576,2,1,0,1,Mon,0,Feb,2012,2
577,1,1,0,1,Tue,0,Feb,2012,2
578,1,1,0,1,Wed,0,Feb,2012,2
579,1,1,0,1,Thu,0,Feb,2012,2
580,2,1,0,1,Fri,0,Feb,2012,2
581,1,1,0,1,Sat,0,Feb,2012,2
582,#N/A,1,0,1,Sun,0,Feb,2012,2
583,#N/A,1,0,1,Mon,0,Feb,2012,2
584,1,1,0,1,Tue,0,Feb,2012,2
585,1,1,0,1,Wed,0,Feb,2012,2
586,#N/A,1,0,1,Thu,0,Feb,2012,2
587,1,1,0,1,Fri,0,Feb,2012,2
588,2,1,0,1,Sat,0,Feb,2012,2
589,1,1,0,1,Sun,0,Feb,2012,2
590,#N/A,1,0,1,Mon,0,Feb,2012,2
591,1,1,0,1,Tue,0,Feb,2012,2
592,1,1,0,1,Wed,0,Feb,2012,2
593,1,1,0,1,Thu,0,Mar,2012,3
594,1,1,0,1,Fri,0,Mar,2012,3
595,1,1,0,1,Sat,0,Mar,2012,3
596,1,1,0,1,Sun,0,Mar,2012,3
597,#N/A,1,0,1,Mon,0,Mar,2012,3
598,#N/A,1,0,1,Tue,0,Mar,2012,3
599,1,1,0,1,Wed,0,Mar,2012,3
600,#N/A,1,0,1,Thu,0,Mar,2012,3
601,#N/A,1,0,1,Fri,0,Mar,2012,3
602,1,1,0,1,Sat,0,Mar,2012,3
603,4,1,0,1,Sun,0,Mar,2012,3
604,#N/A,1,0,1,Mon,0,Mar,2012,3
605,#N/A,1,0,1,Tue,0,Mar,2012,3
606,1,1,0,1,Wed,0,Mar,2012,3
607,1,1,0,1,Thu,0,Mar,2012,3
608,2,1,0,1,Fri,0,Mar,2012,3
609,5,1,0,1,Sat,0,Mar,2012,3
610,1,1,0,1,Sun,0,Mar,2012,3
611,#N/A,1,0,1,Mon,0,Mar,2012,3
612,#N/A,1,0,1,Tue,0,Mar,2012,3
613,#N/A,1,0,1,Wed,0,Mar,2012,3
614,1,1,0,1,Thu,0,Mar,2012,3
615,#N/A,1,0,1,Fri,0,Mar,2012,3
616,2,1,0,1,Sat,0,Mar,2012,3
617,3,1,0,1,Sun,0,Mar,2012,3
618,#N/A,1,0,1,Mon,0,Mar,2012,3
619,#N/A,1,0,1,Tue,0,Mar,2012,3
620,1,1,0,1,Wed,0,Mar,2012,3
621,#N/A,1,0,1,Thu,0,Mar,2012,3
622,1,1,0,1,Fri,0,Mar,2012,3
623,1,1,0,1,Sat,0,Mar,2012,3
624,1,1,0,1,Sun,0,Apr,2012,4
625,1,1,0,1,Mon,0,Apr,2012,4
626,1,1,0,1,Tue,0,Apr,2012,4
627,#N/A,1,0,1,Wed,0,Apr,2012,4
628,1,1,0,1,Thu,0,Apr,2012,4
629,1,1,0,1,Fri,0,Apr,2012,4
630,1,1,0,1,Sat,0,Apr,2012,4
631,1,1,0,1,Sun,0,Apr,2012,4
632,#N/A,1,0,1,Mon,0,Apr,2012,4
633,#N/A,1,0,1,Tue,0,Apr,2012,4
634,#N/A,1,0,1,Wed,0,Apr,2012,4
635,3,1,0,1,Thu,0,Apr,2012,4
636,#N/A,1,0,1,Fri,0,Apr,2012,4
637,2,1,0,1,Sat,0,Apr,2012,4
638,#N/A,1,0,1,Sun,0,Apr,2012,4
639,1,1,0,1,Mon,0,Apr,2012,4
640,1,1,0,1,Tue,0,Apr,2012,4
641,2,1,0,1,Wed,0,Apr,2012,4
642,#N/A,1,0,1,Thu,0,Apr,2012,4
643,2,1,0,1,Fri,0,Apr,2012,4
644,#N/A,1,0,1,Sat,0,Apr,2012,4
645,2,1,0,1,Sun,0,Apr,2012,4
646,3,1,0,1,Mon,0,Apr,2012,4
647,1,1,0,1,Tue,0,Apr,2012,4
648,2,1,0,1,Wed,0,Apr,2012,4
649,3,1,0,1,Thu,0,Apr,2012,4
650,2,1,0,1,Fri,0,Apr,2012,4
651,2,1,0,1,Sat,0,Apr,2012,4
652,3,1,0,1,Sun,0,Apr,2012,4
653,2,1,0,1,Mon,0,Apr,2012,4
654,#N/A,1,0,1,Tue,0,May,2012,5
655,#N/A,1,0,1,Wed,0,May,2012,5
656,#N/A,1,0,1,Thu,0,May,2012,5
657,2,1,0,1,Fri,0,May,2012,5
658,3,1,0,1,Sat,0,May,2012,5
659,7,1,0,1,Sun,0,May,2012,5
660,#N/A,1,0,1,Mon,0,May,2012,5
661,2,1,0,1,Tue,0,May,2012,5
662,1,1,0,1,Wed,0,May,2012,5
663,1,1,0,1,Thu,0,May,2012,5
664,#N/A,1,0,1,Fri,0,May,2012,5
665,4,1,0,1,Sat,0,May,2012,5
666,1,1,0,1,Sun,0,May,2012,5
667,1,1,0,1,Mon,0,May,2012,5
668,1,1,0,1,Tue,0,May,2012,5
669,1,1,0,1,Wed,0,May,2012,5
670,2,1,0,1,Thu,0,May,2012,5
671,3,1,0,1,Fri,0,May,2012,5
672,2,1,0,1,Sat,0,May,2012,5
673,3,1,0,1,Sun,0,May,2012,5
674,#N/A,1,0,1,Mon,0,May,2012,5
675,1,1,0,1,Tue,0,May,2012,5
676,1,1,0,1,Wed,0,May,2012,5
677,#N/A,1,0,1,Thu,0,May,2012,5
678,1,1,0,1,Fri,0,May,2012,5
679,3,1,0,1,Sat,0,May,2012,5
680,#N/A,1,0,1,Sun,0,May,2012,5
681,3,1,0,1,Mon,0,May,2012,5
682,1,1,0,1,Tue,0,May,2012,5
683,1,1,0,1,Wed,0,May,2012,5
684,2,1,0,1,Thu,0,May,2012,5
685,#N/A,1,0,1,Fri,0,Jun,2012,6
686,#N/A,1,0,1,Sat,0,Jun,2012,6
687,3,1,0,1,Sun,0,Jun,2012,6
688,#N/A,1,0,1,Mon,0,Jun,2012,6
689,2,1,0,1,Tue,0,Jun,2012,6
690,1,1,0,1,Wed,0,Jun,2012,6
691,2,1,0,1,Thu,0,Jun,2012,6
692,#N/A,1,0,1,Fri,0,Jun,2012,6
693,1,1,0,1,Sat,0,Jun,2012,6
694,#N/A,1,0,1,Sun,0,Jun,2012,6
695,1,1,0,1,Mon,0,Jun,2012,6
696,1,1,0,1,Tue,0,Jun,2012,6
697,#N/A,1,0,1,Wed,0,Jun,2012,6
698,1,1,0,1,Thu,0,Jun,2012,6
699,#N/A,1,0,1,Fri,0,Jun,2012,6
700,4,1,0,1,Sat,0,Jun,2012,6
701,3,1,0,1,Sun,0,Jun,2012,6
702,#N/A,1,0,1,Mon,0,Jun,2012,6
703,#N/A,1,0,1,Tue,0,Jun,2012,6
704,#N/A,1,0,1,Wed,0,Jun,2012,6
705,1,1,0,1,Thu,0,Jun,2012,6
706,#N/A,1,0,1,Fri,0,Jun,2012,6
707,#N/A,1,0,1,Sat,0,Jun,2012,6
708,1,1,0,1,Sun,0,Jun,2012,6
709,#N/A,1,0,1,Mon,0,Jun,2012,6
710,1,1,0,1,Tue,0,Jun,2012,6
711,1,1,0,1,Wed,0,Jun,2012,6
712,#N/A,1,0,1,Thu,0,Jun,2012,6
713,2,1,0,1,Fri,0,Jun,2012,6
714,3,1,0,1,Sat,0,Jun,2012,6
715,1,1,0,1,Sun,0,Jul,2012,7
716,2,1,0,1,Mon,0,Jul,2012,7
717,3,1,0,1,Tue,0,Jul,2012,7
718,3,1,0,1,Wed,0,Jul,2012,7
719,1,1,0,1,Thu,0,Jul,2012,7
720,1,1,0,1,Fri,0,Jul,2012,7
721,2,1,0,1,Sat,0,Jul,2012,7
722,1,1,0,1,Sun,0,Jul,2012,7
723,#N/A,1,0,1,Mon,0,Jul,2012,7
724,1,1,0,1,Tue,0,Jul,2012,7
725,#N/A,1,0,1,Wed,0,Jul,2012,7
726,#N/A,1,0,1,Thu,0,Jul,2012,7
727,2,1,0,1,Fri,0,Jul,2012,7
728,#N/A,1,0,1,Sat,0,Jul,2012,7
729,1,1,0,1,Sun,0,Jul,2012,7
730,1,1,0,1,Mon,0,Jul,2012,7
731,#N/A,1,0,1,Tue,0,Jul,2012,7
732,#N/A,1,0,1,Wed,0,Jul,2012,7
733,#N/A,1,0,1,Thu,0,Jul,2012,7
734,1,1,0,1,Fri,0,Jul,2012,7
735,1,1,0,1,Sat,0,Jul,2012,7
736,#N/A,1,0,1,Sun,0,Jul,2012,7
737,2,1,0,1,Mon,0,Jul,2012,7
738,#N/A,1,0,1,Tue,0,Jul,2012,7
739,1,1,0,1,Wed,0,Jul,2012,7
740,1,1,0,1,Thu,0,Jul,2012,7
741,#N/A,1,0,1,Fri,0,Jul,2012,7
742,#N/A,1,0,1,Sat,0,Jul,2012,7
743,1,1,0,1,Sun,0,Jul,2012,7
744,2,1,0,1,Mon,0,Jul,2012,7
745,#N/A,1,0,1,Tue,0,Jul,2012,7
746,#N/A,1,0,1,Wed,0,Aug,2012,8
747,1,1,0,1,Thu,0,Aug,2012,8
748,1,1,0,1,Fri,0,Aug,2012,8
749,3,1,0,1,Sat,0,Aug,2012,8
750,3,1,0,1,Sun,0,Aug,2012,8
751,#N/A,1,0,1,Mon,0,Aug,2012,8
752,#N/A,1,0,1,Tue,0,Aug,2012,8
753,#N/A,1,0,1,Wed,0,Aug,2012,8
754,2,1,0,1,Thu,0,Aug,2012,8
755,#N/A,1,0,1,Fri,0,Aug,2012,8
756,#N/A,1,0,1,Sat,0,Aug,2012,8
757,#N/A,1,0,1,Sun,0,Aug,2012,8
758,#N/A,1,0,1,Mon,0,Aug,2012,8
759,#N/A,1,0,1,Tue,0,Aug,2012,8
760,#N/A,1,0,1,Wed,0,Aug,2012,8
761,2,1,0,1,Thu,0,Aug,2012,8
762,#N/A,1,0,1,Fri,0,Aug,2012,8
763,#N/A,1,0,1,Sat,0,Aug,2012,8
764,2,1,0,1,Sun,0,Aug,2012,8
765,2,1,0,1,Mon,0,Aug,2012,8
766,#N/A,1,0,1,Tue,0,Aug,2012,8
767,2,1,0,1,Wed,0,Aug,2012,8
768,#N/A,1,0,1,Thu,0,Aug,2012,8
769,3,1,0,1,Fri,0,Aug,2012,8
770,1,1,0,1,Sat,0,Aug,2012,8
771,#N/A,1,0,1,Sun,0,Aug,2012,8
772,4,1,0,1,Mon,0,Aug,2012,8
773,#N/A,1,0,1,Tue,0,Aug,2012,8
774,1,1,0,1,Wed,0,Aug,2012,8
775,5,1,0,1,Thu,0,Aug,2012,8
776,#N/A,1,0,1,Fri,0,Aug,2012,8
777,4,1,0,1,Sat,0,Sep,2012,9
778,5,1,0,1,Sun,0,Sep,2012,9
779,2,1,0,1,Mon,0,Sep,2012,9
780,#N/A,1,0,1,Tue,0,Sep,2012,9
781,#N/A,1,0,1,Wed,0,Sep,2012,9
782,#N/A,1,0,1,Thu,0,Sep,2012,9
783,#N/A,1,0,1,Fri,0,Sep,2012,9
784,#N/A,1,0,1,Sat,0,Sep,2012,9
785,1,1,0,1,Sun,0,Sep,2012,9
786,#N/A,1,0,1,Mon,0,Sep,2012,9
787,1,1,0,1,Tue,0,Sep,2012,9
788,#N/A,1,0,1,Wed,0,Sep,2012,9
789,1,1,0,1,Thu,0,Sep,2012,9
790,#N/A,1,0,1,Fri,0,Sep,2012,9
791,2,1,0,1,Sat,0,Sep,2012,9
792,#N/A,1,0,1,Sun,0,Sep,2012,9
793,#N/A,1,0,1,Mon,0,Sep,2012,9
794,1,1,0,1,Tue,0,Sep,2012,9
795,1,1,0,1,Wed,0,Sep,2012,9
796,1,1,0,1,Thu,0,Sep,2012,9
797,2,1,0,1,Fri,0,Sep,2012,9
798,1,1,0,1,Sat,0,Sep,2012,9
799,1,1,0,1,Sun,0,Sep,2012,9
800,#N/A,1,0,1,Mon,0,Sep,2012,9
801,3,1,0,1,Tue,0,Sep,2012,9
802,1,1,0,1,Wed,0,Sep,2012,9
803,1,1,0,1,Thu,0,Sep,2012,9
804,2,1,0,1,Fri,0,Sep,2012,9
805,#N/A,1,0,1,Sat,0,Sep,2012,9
806,2,1,0,1,Sun,0,Sep,2012,9
807,#N/A,1,0,1,Mon,0,Oct,2012,10
808,#N/A,1,0,1,Tue,0,Oct,2012,10
809,2,1,0,1,Wed,0,Oct,2012,10
810,#N/A,1,0,1,Thu,0,Oct,2012,10
811,1,1,0,1,Fri,0,Oct,2012,10
812,#N/A,1,0,1,Sat,0,Oct,2012,10
813,#N/A,1,0,1,Sun,0,Oct,2012,10
814,#N/A,1,0,1,Mon,0,Oct,2012,10
815,#N/A,1,0,1,Tue,0,Oct,2012,10
816,#N/A,1,0,1,Wed,0,Oct,2012,10
817,#N/A,1,0,1,Thu,0,Oct,2012,10
818,4,1,0,1,Fri,0,Oct,2012,10
819,2,1,0,1,Sat,0,Oct,2012,10
820,3,1,0,1,Sun,0,Oct,2012,10
821,#N/A,1,0,1,Mon,0,Oct,2012,10
822,5,1,0,1,Tue,0,Oct,2012,10
823,1,1,0,1,Wed,0,Oct,2012,10
824,#N/A,1,0,1,Thu,0,Oct,2012,10
825,#N/A,1,0,1,Fri,0,Oct,2012,10
826,2,1,0,1,Sat,0,Oct,2012,10
827,#N/A,1,0,1,Sun,0,Oct,2012,10
828,#N/A,1,0,1,Mon,0,Oct,2012,10
829,1,1,0,1,Tue,0,Oct,2012,10
830,1,1,0,1,Wed,0,Oct,2012,10
831,1,1,0,1,Thu,0,Oct,2012,10
832,2,1,0,1,Fri,0,Oct,2012,10
833,4,1,0,1,Sat,0,Oct,2012,10
834,3,1,0,1,Sun,0,Oct,2012,10
835,#N/A,1,0,1,Mon,0,Oct,2012,10
836,1,1,0,1,Tue,0,Oct,2012,10
837,1,1,0,1,Wed,0,Oct,2012,10
838,#N/A,1,0,1,Thu,0,Nov,2012,11
839,3,1,0,1,Fri,0,Nov,2012,11
840,#N/A,1,0,1,Sat,0,Nov,2012,11
841,2,1,0,1,Sun,0,Nov,2012,11
842,#N/A,1,0,1,Mon,0,Nov,2012,11
843,#N/A,1,0,1,Tue,0,Nov,2012,11
844,#N/A,1,0,1,Wed,0,Nov,2012,11
845,#N/A,1,0,1,Thu,0,Nov,2012,11
846,1,1,0,1,Fri,0,Nov,2012,11
847,1,1,0,1,Sat,0,Nov,2012,11
848,3,1,0,1,Sun,0,Nov,2012,11
849,2,1,0,1,Mon,0,Nov,2012,11
850,#N/A,1,0,1,Tue,0,Nov,2012,11
851,#N/A,1,0,1,Wed,0,Nov,2012,11
852,#N/A,1,0,1,Thu,0,Nov,2012,11
853,4,1,0,1,Fri,0,Nov,2012,11
854,1,1,0,1,Sat,0,Nov,2012,11
855,3,1,0,1,Sun,0,Nov,2012,11
856,5,1,0,1,Mon,0,Nov,2012,11
857,#N/A,1,0,1,Tue,0,Nov,2012,11
858,2,1,0,1,Wed,0,Nov,2012,11
859,#N/A,1,0,1,Thu,0,Nov,2012,11
860,1,1,0,1,Fri,0,Nov,2012,11
861,1,1,0,1,Sat,0,Nov,2012,11
862,2,1,0,1,Sun,0,Nov,2012,11
863,#N/A,1,0,1,Mon,0,Nov,2012,11
864,1,1,0,1,Tue,0,Nov,2012,11
865,#N/A,1,0,1,Wed,0,Nov,2012,11
866,#N/A,1,0,1,Thu,0,Nov,2012,11
867,1,1,0,1,Fri,0,Nov,2012,11
868,1,1,0,1,Sat,0,Dec,2012,12
869,2,1,0,1,Sun,0,Dec,2012,12
870,#N/A,1,0,1,Mon,0,Dec,2012,12
871,#N/A,1,0,1,Tue,0,Dec,2012,12
872,1,1,0,1,Wed,0,Dec,2012,12
873,#N/A,1,0,1,Thu,0,Dec,2012,12
874,1,1,0,1,Fri,0,Dec,2012,12
875,1,1,0,1,Sat,0,Dec,2012,12
876,3,1,0,1,Sun,0,Dec,2012,12
877,1,1,0,1,Mon,0,Dec,2012,12
878,1,1,0,1,Tue,0,Dec,2012,12
879,3,1,0,1,Wed,0,Dec,2012,12
880,1,1,0,1,Thu,0,Dec,2012,12
881,1,1,0,1,Fri,0,Dec,2012,12
882,#N/A,1,0,1,Sat,0,Dec,2012,12
883,4,1,0,1,Sun,0,Dec,2012,12
884,#N/A,1,0,1,Mon,0,Dec,2012,12
885,#N/A,1,0,1,Tue,0,Dec,2012,12
886,1,1,0,1,Wed,0,Dec,2012,12
887,#N/A,1,0,1,Thu,0,Dec,2012,12
888,3,1,0,1,Fri,0,Dec,2012,12
889,4,1,0,1,Sat,0,Dec,2012,12
890,1,1,0,1,Sun,0,Dec,2012,12
891,1,1,0,1,Mon,0,Dec,2012,12
892,#N/A,1,0,1,Tue,0,Dec,2012,12
893,#N/A,1,0,1,Wed,0,Dec,2012,12
894,3,1,0,1,Thu,0,Dec,2012,12
895,1,1,0,1,Fri,0,Dec,2012,12
896,4,1,0,1,Sat,0,Dec,2012,12
897,#N/A,1,0,1,Sun,0,Dec,2012,12
898,2,1,0,1,Mon,0,Dec,2012,12
899,3,1,0,1,Tue,0,Jan,2013,1
900,#N/A,1,0,1,Wed,0,Jan,2013,1
901,1,1,0,1,Thu,0,Jan,2013,1
902,2,1,0,1,Fri,0,Jan,2013,1
903,#N/A,1,0,1,Sat,0,Jan,2013,1
904,1,1,0,1,Sun,0,Jan,2013,1
905,2,1,0,1,Mon,0,Jan,2013,1
906,1,1,0,1,Tue,0,Jan,2013,1
907,1,1,0,1,Wed,0,Jan,2013,1
908,#N/A,1,0,1,Thu,0,Jan,2013,1
909,1,1,0,1,Fri,0,Jan,2013,1
910,3,1,0,1,Sat,0,Jan,2013,1
911,1,1,0,1,Sun,0,Jan,2013,1
912,#N/A,1,0,1,Mon,0,Jan,2013,1
913,#N/A,1,0,1,Tue,0,Jan,2013,1
914,2,1,0,1,Wed,0,Jan,2013,1
915,#N/A,1,0,1,Thu,0,Jan,2013,1
916,#N/A,1,0,1,Fri,0,Jan,2013,1
917,1,1,0,1,Sat,0,Jan,2013,1
918,1,1,0,1,Sun,0,Jan,2013,1
919,#N/A,1,0,1,Mon,0,Jan,2013,1
920,1,1,0,1,Tue,0,Jan,2013,1
921,1,1,0,1,Wed,0,Jan,2013,1
922,2,1,0,1,Thu,0,Jan,2013,1
923,1,1,0,1,Fri,0,Jan,2013,1
924,#N/A,1,0,1,Sat,0,Jan,2013,1
925,1,1,0,1,Sun,0,Jan,2013,1
926,1,1,0,1,Mon,0,Jan,2013,1
927,3,1,0,1,Tue,0,Jan,2013,1
928,1,1,0,1,Wed,0,Jan,2013,1
929,3,1,0,1,Thu,0,Jan,2013,1
930,#N/A,1,0,1,Fri,0,Feb,2013,2
931,4,1,0,1,Sat,0,Feb,2013,2
932,6,1,0,1,Sun,0,Feb,2013,2
933,1,1,0,1,Mon,0,Feb,2013,2
934,1,1,0,1,Tue,0,Feb,2013,2
935,1,1,0,1,Wed,0,Feb,2013,2
936,#N/A,1,0,1,Thu,0,Feb,2013,2
937,1,1,0,1,Fri,0,Feb,2013,2
938,4,1,0,1,Sat,0,Feb,2013,2
939,2,1,0,1,Sun,0,Feb,2013,2
940,#N/A,1,0,1,Mon,0,Feb,2013,2
941,2,1,0,1,Tue,0,Feb,2013,2
942,2,1,0,1,Wed,0,Feb,2013,2
943,1,1,0,1,Thu,0,Feb,2013,2
944,#N/A,1,0,1,Fri,0,Feb,2013,2
945,1,1,0,1,Sat,0,Feb,2013,2
946,2,1,0,1,Sun,0,Feb,2013,2
947,1,1,0,1,Mon,0,Feb,2013,2
948,1,1,0,1,Tue,0,Feb,2013,2
949,#N/A,1,0,1,Wed,0,Feb,2013,2
950,2,1,0,1,Thu,0,Feb,2013,2
951,1,1,0,1,Fri,0,Feb,2013,2
952,#N/A,1,0,1,Sat,0,Feb,2013,2
953,2,1,0,1,Sun,0,Feb,2013,2
954,#N/A,1,0,1,Mon,0,Feb,2013,2
955,2,1,0,1,Tue,0,Feb,2013,2
956,1,1,0,1,Wed,0,Feb,2013,2
957,1,1,0,1,Thu,0,Feb,2013,2
958,2,1,0,1,Fri,0,Mar,2013,3
959,1,1,0,1,Sat,0,Mar,2013,3
960,2,1,0,1,Sun,0,Mar,2013,3
961,3,1,0,1,Mon,0,Mar,2013,3
962,2,1,0,1,Tue,0,Mar,2013,3
963,1,1,0,1,Wed,0,Mar,2013,3
964,1,1,0,1,Thu,0,Mar,2013,3
965,1,1,0,1,Fri,0,Mar,2013,3
966,1,1,0,1,Sat,0,Mar,2013,3
967,#N/A,1,0,1,Sun,0,Mar,2013,3
968,#N/A,1,0,1,Mon,0,Mar,2013,3
969,3,1,0,1,Tue,0,Mar,2013,3
970,1,1,0,1,Wed,0,Mar,2013,3
971,#N/A,1,0,1,Thu,0,Mar,2013,3
972,#N/A,1,0,1,Fri,0,Mar,2013,3
973,5,1,0,1,Sat,0,Mar,2013,3
974,3,1,0,1,Sun,0,Mar,2013,3
975,1,1,0,1,Mon,0,Mar,2013,3
976,2,1,0,1,Tue,0,Mar,2013,3
977,#N/A,1,0,1,Wed,0,Mar,2013,3
978,1,1,0,1,Thu,0,Mar,2013,3
979,1,1,0,1,Fri,0,Mar,2013,3
980,#N/A,1,0,1,Sat,0,Mar,2013,3
981,4,1,0,1,Sun,0,Mar,2013,3
982,#N/A,1,0,1,Mon,0,Mar,2013,3
983,#N/A,1,0,1,Tue,0,Mar,2013,3
984,2,1,0,1,Wed,0,Mar,2013,3
985,#N/A,1,0,1,Thu,0,Mar,2013,3
986,2,1,0,1,Fri,0,Mar,2013,3
987,#N/A,1,0,1,Sat,0,Mar,2013,3
988,#N/A,1,0,1,Sun,0,Mar,2013,3
989,#N/A,1,0,1,Mon,0,Apr,2013,4
990,#N/A,1,0,1,Tue,0,Apr,2013,4
991,2,1,0,1,Wed,0,Apr,2013,4
992,1,1,0,1,Thu,0,Apr,2013,4
993,#N/A,1,0,1,Fri,0,Apr,2013,4
994,2,1,0,1,Sat,0,Apr,2013,4
995,2,1,0,1,Sun,0,Apr,2013,4
996,3,1,0,1,Mon,0,Apr,2013,4
997,#N/A,1,0,1,Tue,0,Apr,2013,4
998,1,1,0,1,Wed,0,Apr,2013,4
999,2,1,0,1,Thu,0,Apr,2013,4
1000,1,1,0,1,Fri,0,Apr,2013,4
1001,1,1,0,1,Sat,0,Apr,2013,4
1002,4,1,0,1,Sun,0,Apr,2013,4
1003,1,1,0,1,Mon,0,Apr,2013,4
1004,#N/A,1,0,1,Tue,0,Apr,2013,4
1005,1,1,0,1,Wed,0,Apr,2013,4
1006,#N/A,1,0,1,Thu,0,Apr,2013,4
1007,1,1,0,1,Fri,0,Apr,2013,4
1008,1,1,0,1,Sat,0,Apr,2013,4
1009,3,1,0,1,Sun,0,Apr,2013,4
1010,1,1,0,1,Mon,0,Apr,2013,4
1011,#N/A,1,0,1,Tue,0,Apr,2013,4
1012,1,1,0,1,Wed,0,Apr,2013,4
1013,1,1,0,1,Thu,0,Apr,2013,4
1014,#N/A,1,0,1,Fri,0,Apr,2013,4
1015,1,1,0,1,Sat,0,Apr,2013,4
1016,2,1,0,1,Sun,0,Apr,2013,4
1017,1,1,0,1,Mon,0,Apr,2013,4
1018,#N/A,1,0,1,Tue,0,Apr,2013,4
1019,#N/A,1,0,1,Wed,0,May,2013,5
1020,1,1,0,1,Thu,0,May,2013,5
1021,2,1,0,1,Fri,0,May,2013,5
1022,2,1,0,1,Sat,0,May,2013,5
1023,2,1,0,1,Sun,0,May,2013,5
1024,2,1,0,1,Mon,0,May,2013,5
1025,2,1,0,1,Tue,0,May,2013,5
1026,2,1,0,1,Wed,0,May,2013,5
1027,1,1,0,1,Thu,0,May,2013,5
1028,4,1,0,1,Fri,0,May,2013,5
1029,2,1,0,1,Sat,0,May,2013,5
1030,#N/A,1,0,1,Sun,0,May,2013,5
1031,#N/A,1,0,1,Mon,0,May,2013,5
1032,1,1,0,1,Tue,0,May,2013,5
1033,#N/A,1,0,1,Wed,0,May,2013,5
1034,#N/A,1,0,1,Thu,0,May,2013,5
1035,#N/A,1,0,1,Fri,0,May,2013,5
1036,3,1,0,1,Sat,0,May,2013,5
1037,1,1,0,1,Sun,0,May,2013,5
1038,1,1,0,1,Mon,0,May,2013,5
1039,1,1,0,1,Tue,0,May,2013,5
1040,1,1,0,1,Wed,0,May,2013,5
1041,1,1,0,1,Thu,0,May,2013,5
1042,3,1,0,1,Fri,0,May,2013,5
1043,3,1,0,1,Sat,0,May,2013,5
1044,1,1,0,1,Sun,0,May,2013,5
1045,1,1,0,1,Mon,0,May,2013,5
1046,1,1,0,1,Tue,0,May,2013,5
1047,#N/A,1,0,1,Wed,0,May,2013,5
1048,2,1,0,1,Thu,0,May,2013,5
1049,1,1,0,1,Fri,0,May,2013,5
1050,2,1,0,1,Sat,0,Jun,2013,6
1051,3,1,0,1,Sun,0,Jun,2013,6
1052,5,1,0,1,Mon,0,Jun,2013,6
1053,2,1,0,1,Tue,0,Jun,2013,6
1054,2,1,0,1,Wed,0,Jun,2013,6
1055,1,1,0,1,Thu,0,Jun,2013,6
1056,2,1,0,1,Fri,0,Jun,2013,6
1057,1,1,0,1,Sat,0,Jun,2013,6
1058,2,1,0,1,Sun,0,Jun,2013,6
1059,2,1,0,1,Mon,0,Jun,2013,6
1060,1,1,0,1,Tue,0,Jun,2013,6
1061,1,1,0,1,Wed,0,Jun,2013,6
1062,#N/A,1,0,1,Thu,0,Jun,2013,6
1063,1,1,0,1,Fri,0,Jun,2013,6
1064,#N/A,1,0,1,Sat,0,Jun,2013,6
1065,#N/A,1,0,1,Sun,0,Jun,2013,6
1066,1,1,0,1,Mon,0,Jun,2013,6
1067,1,1,0,1,Tue,0,Jun,2013,6
1068,1,1,0,1,Wed,0,Jun,2013,6
1069,#N/A,1,0,1,Thu,0,Jun,2013,6
1070,1,1,0,1,Fri,0,Jun,2013,6
1071,3,1,0,1,Sat,0,Jun,2013,6
1072,2,1,0,1,Sun,0,Jun,2013,6
1073,1,1,0,1,Mon,0,Jun,2013,6
1074,#N/A,1,0,1,Tue,0,Jun,2013,6
1075,1,1,0,1,Wed,0,Jun,2013,6
1076,1,1,0,1,Thu,0,Jun,2013,6
1077,2,1,0,1,Fri,0,Jun,2013,6
1078,4,1,0,1,Sat,0,Jun,2013,6
1079,2,1,0,1,Sun,0,Jun,2013,6
1080,3,1,0,1,Mon,0,Jul,2013,7
1081,1,1,0,1,Tue,0,Jul,2013,7
1082,#N/A,1,0,1,Wed,0,Jul,2013,7
1083,1,1,0,1,Thu,0,Jul,2013,7
1084,#N/A,1,0,1,Fri,0,Jul,2013,7
1085,#N/A,1,0,1,Sat,0,Jul,2013,7
1086,3,1,0,1,Sun,0,Jul,2013,7
1087,3,1,0,1,Mon,0,Jul,2013,7
1088,2,1,0,1,Tue,0,Jul,2013,7
1089,#N/A,1,0,1,Wed,0,Jul,2013,7
1090,#N/A,1,0,1,Thu,0,Jul,2013,7
1091,2,1,0,1,Fri,0,Jul,2013,7
1092,6,1,0,1,Sat,0,Jul,2013,7
1093,1,1,0,1,Sun,0,Jul,2013,7
1094,1,1,0,1,Mon,0,Jul,2013,7
1095,#N/A,1,0,1,Tue,0,Jul,2013,7
1096,#N/A,1,0,1,Wed,0,Jul,2013,7
1097,#N/A,1,0,1,Thu,0,Jul,2013,7
1098,#N/A,1,0,1,Fri,0,Jul,2013,7
1099,#N/A,1,0,1,Sat,0,Jul,2013,7
1100,2,1,0,1,Sun,0,Jul,2013,7
1101,#N/A,1,0,1,Mon,0,Jul,2013,7
1102,2,1,0,1,Tue,0,Jul,2013,7
1103,2,1,0,1,Wed,0,Jul,2013,7
1104,2,1,0,1,Thu,0,Jul,2013,7
1105,1,1,0,1,Fri,0,Jul,2013,7
1106,4,1,0,1,Sat,0,Jul,2013,7
1107,#N/A,1,0,1,Sun,0,Jul,2013,7
1108,1,1,0,1,Mon,0,Jul,2013,7
1109,#N/A,1,0,1,Tue,0,Jul,2013,7
1110,3,1,0,1,Wed,0,Jul,2013,7
1111,#N/A,1,0,1,Thu,0,Aug,2013,8
1112,1,1,0,1,Fri,0,Aug,2013,8
1113,2,1,0,1,Sat,0,Aug,2013,8
1114,1,1,0,1,Sun,0,Aug,2013,8
1115,2,1,0,1,Mon,0,Aug,2013,8
1116,1,1,0,1,Tue,0,Aug,2013,8
1117,1,1,0,1,Wed,0,Aug,2013,8
1118,#N/A,1,0,1,Thu,0,Aug,2013,8
1119,#N/A,1,0,1,Fri,0,Aug,2013,8
1120,3,1,0,1,Sat,0,Aug,2013,8
1121,1,1,0,1,Sun,0,Aug,2013,8
1122,2,1,0,1,Mon,0,Aug,2013,8
1123,1,1,0,1,Tue,0,Aug,2013,8
1124,1,1,0,1,Wed,0,Aug,2013,8
1125,#N/A,1,0,1,Thu,0,Aug,2013,8
1126,2,1,0,1,Fri,0,Aug,2013,8
1127,3,1,0,1,Sat,0,Aug,2013,8
1128,3,1,0,1,Sun,0,Aug,2013,8
1129,#N/A,1,0,1,Mon,0,Aug,2013,8
1130,1,1,0,1,Tue,0,Aug,2013,8
1131,#N/A,1,0,1,Wed,0,Aug,2013,8
1132,#N/A,1,0,1,Thu,0,Aug,2013,8
1133,2,1,0,1,Fri,0,Aug,2013,8
1134,1,1,0,1,Sat,0,Aug,2013,8
1135,1,1,0,1,Sun,0,Aug,2013,8
1136,1,1,0,1,Mon,0,Aug,2013,8
1137,#N/A,1,0,1,Tue,0,Aug,2013,8
1138,2,1,0,1,Wed,0,Aug,2013,8
1139,1,1,0,1,Thu,0,Aug,2013,8
1140,1,1,0,1,Fri,0,Aug,2013,8
1141,#N/A,1,0,1,Sat,0,Aug,2013,8
1142,2,1,0,1,Sun,0,Sep,2013,9
1143,2,1,0,1,Mon,0,Sep,2013,9
1144,1,1,0,1,Tue,0,Sep,2013,9
1145,2,1,0,1,Wed,0,Sep,2013,9
1146,1,1,0,1,Thu,0,Sep,2013,9
1147,2,1,0,1,Fri,0,Sep,2013,9
1148,#N/A,1,0,1,Sat,0,Sep,2013,9
1149,1,1,0,1,Sun,0,Sep,2013,9
1150,#N/A,1,0,1,Mon,0,Sep,2013,9
1151,#N/A,1,0,1,Tue,0,Sep,2013,9
1152,3,1,0,1,Wed,0,Sep,2013,9
1153,1,1,0,1,Thu,0,Sep,2013,9
1154,4,1,0,1,Fri,0,Sep,2013,9
1155,1,1,0,1,Sat,0,Sep,2013,9
1156,3,1,0,1,Sun,0,Sep,2013,9
1157,#N/A,1,0,1,Mon,0,Sep,2013,9
1158,1,1,0,1,Tue,0,Sep,2013,9
1159,#N/A,1,0,1,Wed,0,Sep,2013,9
1160,4,1,0,1,Thu,0,Sep,2013,9
1161,1,1,0,1,Fri,0,Sep,2013,9
1162,3,1,0,1,Sat,0,Sep,2013,9
1163,2,1,0,1,Sun,0,Sep,2013,9
1164,1,1,0,1,Mon,0,Sep,2013,9
1165,#N/A,1,0,1,Tue,0,Sep,2013,9
1166,1,1,0,1,Wed,0,Sep,2013,9
1167,#N/A,1,0,1,Thu,0,Sep,2013,9
1168,1,1,0,1,Fri,0,Sep,2013,9
1169,2,1,0,1,Sat,0,Sep,2013,9
1170,2,1,0,1,Sun,0,Sep,2013,9
1171,#N/A,1,0,1,Mon,0,Sep,2013,9
1172,1,1,0,1,Tue,0,Oct,2013,10
1173,1,1,0,1,Wed,0,Oct,2013,10
1174,3,1,0,1,Thu,0,Oct,2013,10
1175,1,1,0,1,Fri,0,Oct,2013,10
1176,2,1,0,1,Sat,0,Oct,2013,10
1177,2,1,0,1,Sun,0,Oct,2013,10
1178,1,1,0,1,Mon,0,Oct,2013,10
1179,1,1,0,1,Tue,0,Oct,2013,10
1180,2,1,0,1,Wed,0,Oct,2013,10
1181,#N/A,1,0,1,Thu,0,Oct,2013,10
1182,3,1,0,1,Fri,0,Oct,2013,10
1183,1,1,0,1,Sat,0,Oct,2013,10
1184,#N/A,1,0,1,Sun,0,Oct,2013,10
1185,1,1,0,1,Mon,0,Oct,2013,10
1186,1,1,0,1,Tue,0,Oct,2013,10
1187,#N/A,1,0,1,Wed,0,Oct,2013,10
1188,1,1,0,1,Thu,0,Oct,2013,10
1189,1,1,0,1,Fri,0,Oct,2013,10
1190,4,1,0,1,Sat,0,Oct,2013,10
1191,2,1,0,1,Sun,0,Oct,2013,10
1192,1,1,0,1,Mon,0,Oct,2013,10
1193,1,1,0,1,Tue,0,Oct,2013,10
1194,2,1,0,1,Wed,0,Oct,2013,10
1195,#N/A,1,0,1,Thu,0,Oct,2013,10
1196,2,1,0,1,Fri,0,Oct,2013,10
1197,4,1,0,1,Sat,0,Oct,2013,10
1198,1,1,0,1,Sun,0,Oct,2013,10
1199,#N/A,1,0,1,Mon,0,Oct,2013,10
1200,1,1,0,1,Tue,0,Oct,2013,10
1201,#N/A,1,0,1,Wed,0,Oct,2013,10
1202,2,1,0,1,Thu,0,Oct,2013,10
1203,5,1,0,1,Fri,0,Nov,2013,11
1204,1,1,0,1,Sat,0,Nov,2013,11
1205,1,1,0,1,Sun,0,Nov,2013,11
1206,1,1,0,1,Mon,0,Nov,2013,11
1207,1,1,0,1,Tue,0,Nov,2013,11
1208,1,1,0,1,Wed,0,Nov,2013,11
1209,1,1,0,1,Thu,0,Nov,2013,11
1210,#N/A,1,0,1,Fri,0,Nov,2013,11
1211,1,1,0,1,Sat,0,Nov,2013,11
1212,1,1,0,1,Sun,0,Nov,2013,11
1213,3,1,0,1,Mon,0,Nov,2013,11
1214,#N/A,1,0,1,Tue,0,Nov,2013,11
1215,#N/A,1,0,1,Wed,0,Nov,2013,11
1216,1,1,0,1,Thu,0,Nov,2013,11
1217,#N/A,1,0,1,Fri,0,Nov,2013,11
1218,1,1,0,1,Sat,0,Nov,2013,11
1219,1,1,0,1,Sun,0,Nov,2013,11
1220,#N/A,1,0,1,Mon,0,Nov,2013,11
1221,#N/A,1,0,1,Tue,0,Nov,2013,11
1222,#N/A,1,0,1,Wed,0,Nov,2013,11
1223,#N/A,1,0,1,Thu,0,Nov,2013,11
1224,1,1,0,1,Fri,0,Nov,2013,11
1225,3,1,0,1,Sat,0,Nov,2013,11
1226,2,1,0,1,Sun,0,Nov,2013,11
1227,#N/A,1,0,1,Mon,0,Nov,2013,11
1228,1,1,0,1,Tue,0,Nov,2013,11
1229,1,1,0,1,Wed,0,Nov,2013,11
1230,3,1,0,1,Thu,0,Nov,2013,11
1231,3,1,0,1,Fri,0,Nov,2013,11
1232,#N/A,1,0,1,Sat,0,Nov,2013,11
1233,#N/A,1,0,1,Sun,0,Dec,2013,12
1234,#N/A,1,0,1,Mon,0,Dec,2013,12
1235,#N/A,1,0,1,Tue,0,Dec,2013,12
1236,#N/A,1,0,1,Wed,0,Dec,2013,12
1237,2,1,0,1,Thu,0,Dec,2013,12
1238,2,1,0,1,Fri,0,Dec,2013,12
1239,#N/A,1,0,1,Sat,0,Dec,2013,12
1240,1,1,0,1,Sun,0,Dec,2013,12
1241,2,1,0,1,Mon,0,Dec,2013,12
1242,1,1,0,1,Tue,0,Dec,2013,12
1243,#N/A,1,0,1,Wed,0,Dec,2013,12
1244,#N/A,1,0,1,Thu,0,Dec,2013,12
1245,3,1,0,1,Fri,0,Dec,2013,12
1246,3,1,0,1,Sat,0,Dec,2013,12
1247,#N/A,1,0,1,Sun,0,Dec,2013,12
1248,2,1,0,1,Mon,0,Dec,2013,12
1249,2,1,0,1,Tue,0,Dec,2013,12
1250,#N/A,1,0,1,Wed,0,Dec,2013,12
1251,1,1,0,1,Thu,0,Dec,2013,12
1252,#N/A,1,0,1,Fri,0,Dec,2013,12
1253,2,1,0,1,Sat,0,Dec,2013,12
1254,1,1,0,1,Sun,0,Dec,2013,12
1255,1,1,0,1,Mon,0,Dec,2013,12
1256,1,1,0,1,Tue,0,Dec,2013,12
1257,#N/A,1,0,1,Wed,0,Dec,2013,12
1258,#N/A,1,0,1,Thu,0,Dec,2013,12
1259,1,1,0,1,Fri,0,Dec,2013,12
1260,#N/A,1,0,1,Sat,0,Dec,2013,12
1261,#N/A,1,0,1,Sun,0,Dec,2013,12
1262,2,1,0,1,Mon,0,Dec,2013,12
1263,#N/A,1,0,1,Tue,0,Dec,2013,12
1264,3,1,0,1,Wed,0,Jan,2014,1
1265,1,1,0,1,Thu,0,Jan,2014,1
1266,#N/A,1,0,1,Fri,0,Jan,2014,1
1267,#N/A,1,0,1,Sat,0,Jan,2014,1
1268,1,1,0,1,Sun,0,Jan,2014,1
1269,#N/A,1,0,1,Mon,0,Jan,2014,1
1270,#N/A,1,0,1,Tue,0,Jan,2014,1
1271,#N/A,1,0,1,Wed,0,Jan,2014,1
1272,#N/A,1,0,1,Thu,0,Jan,2014,1
1273,#N/A,1,0,1,Fri,0,Jan,2014,1
1274,#N/A,1,0,1,Sat,0,Jan,2014,1
1275,2,1,0,1,Sun,0,Jan,2014,1
1276,3,1,0,1,Mon,0,Jan,2014,1
1277,2,1,0,1,Tue,0,Jan,2014,1
1278,1,1,0,1,Wed,0,Jan,2014,1
1279,2,1,0,1,Thu,0,Jan,2014,1
1280,#N/A,1,0,1,Fri,0,Jan,2014,1
1281,#N/A,1,0,1,Sat,0,Jan,2014,1
1282,2,1,0,1,Sun,0,Jan,2014,1
1283,1,1,0,1,Mon,0,Jan,2014,1
1284,#N/A,1,0,1,Tue,0,Jan,2014,1
1285,#N/A,1,0,1,Wed,0,Jan,2014,1
1286,#N/A,1,0,1,Thu,0,Jan,2014,1
1287,1,1,0,1,Fri,0,Jan,2014,1
1288,#N/A,1,0,1,Sat,0,Jan,2014,1
1289,1,1,0,1,Sun,0,Jan,2014,1
1290,2,1,0,1,Mon,0,Jan,2014,1
1291,#N/A,1,0,1,Tue,0,Jan,2014,1
1292,#N/A,1,0,1,Wed,0,Jan,2014,1
1293,#N/A,1,0,1,Thu,0,Jan,2014,1
1294,#N/A,1,0,1,Fri,0,Jan,2014,1
1295,#N/A,1,0,1,Sat,0,Feb,2014,2
1296,1,1,0,1,Sun,0,Feb,2014,2
1297,1,1,0,1,Mon,0,Feb,2014,2
1298,3,1,0,1,Tue,0,Feb,2014,2
1299,2,1,0,1,Wed,0,Feb,2014,2
1300,2,1,0,1,Thu,0,Feb,2014,2
1301,#N/A,1,0,1,Fri,0,Feb,2014,2
1302,1,1,0,1,Sat,0,Feb,2014,2
1303,3,1,0,1,Sun,0,Feb,2014,2
1304,1,1,0,1,Mon,0,Feb,2014,2
1305,#N/A,1,0,1,Tue,0,Feb,2014,2
1306,1,1,0,1,Wed,0,Feb,2014,2
1307,3,1,0,1,Thu,0,Feb,2014,2
1308,1,1,0,1,Fri,0,Feb,2014,2
1309,#N/A,1,0,1,Sat,0,Feb,2014,2
1310,2,1,0,1,Sun,0,Feb,2014,2
1311,4,1,0,1,Mon,0,Feb,2014,2
1312,2,1,0,1,Tue,0,Feb,2014,2
1313,1,1,0,1,Wed,0,Feb,2014,2
1314,1,1,0,1,Thu,0,Feb,2014,2
1315,1,1,0,1,Fri,0,Feb,2014,2
1316,3,1,0,1,Sat,0,Feb,2014,2
1317,4,1,0,1,Sun,0,Feb,2014,2
1318,1,1,0,1,Mon,0,Feb,2014,2
1319,1,1,0,1,Tue,0,Feb,2014,2
1320,1,1,0,1,Wed,0,Feb,2014,2
1321,#N/A,1,0,1,Thu,0,Feb,2014,2
1322,2,1,0,1,Fri,0,Feb,2014,2
1323,#N/A,1,0,1,Sat,0,Mar,2014,3
1324,1,1,0,1,Sun,0,Mar,2014,3
1325,#N/A,1,0,1,Mon,0,Mar,2014,3
1326,#N/A,1,0,1,Tue,0,Mar,2014,3
1327,#N/A,1,0,1,Wed,0,Mar,2014,3
1328,#N/A,1,0,1,Thu,0,Mar,2014,3
1329,1,1,0,1,Fri,0,Mar,2014,3
1330,1,1,0,1,Sat,0,Mar,2014,3
1331,3,1,0,1,Sun,0,Mar,2014,3
1332,1,1,0,1,Mon,0,Mar,2014,3
1333,#N/A,1,0,1,Tue,0,Mar,2014,3
1334,#N/A,1,0,1,Wed,0,Mar,2014,3
1335,1,1,0,1,Thu,0,Mar,2014,3
1336,#N/A,1,0,1,Fri,0,Mar,2014,3
1337,4,1,0,1,Sat,0,Mar,2014,3
1338,3,1,0,1,Sun,0,Mar,2014,3
1339,2,1,0,1,Mon,0,Mar,2014,3
1340,1,1,0,1,Tue,0,Mar,2014,3
1341,1,1,0,1,Wed,0,Mar,2014,3
1342,#N/A,1,0,1,Thu,0,Mar,2014,3
1343,1,1,0,1,Fri,0,Mar,2014,3
1344,1,1,0,1,Sat,0,Mar,2014,3
1345,3,1,0,1,Sun,0,Mar,2014,3
1346,#N/A,1,0,1,Mon,0,Mar,2014,3
1347,#N/A,1,0,1,Tue,0,Mar,2014,3
1348,#N/A,1,0,1,Wed,0,Mar,2014,3
1349,2,1,0,1,Thu,0,Mar,2014,3
1350,2,1,0,1,Fri,0,Mar,2014,3
1351,4,1,0,1,Sat,0,Mar,2014,3
1352,#N/A,1,0,1,Sun,0,Mar,2014,3
1353,1,1,0,1,Mon,0,Mar,2014,3
1354,#N/A,1,0,1,Tue,0,Apr,2014,4
1355,1,1,0,1,Wed,0,Apr,2014,4
1356,1,1,0,1,Thu,0,Apr,2014,4
1357,1,1,0,1,Fri,0,Apr,2014,4
1358,4,1,0,1,Sat,0,Apr,2014,4
1359,1,1,0,1,Sun,0,Apr,2014,4
1360,#N/A,1,0,1,Mon,0,Apr,2014,4
1361,1,1,0,1,Tue,0,Apr,2014,4
1362,1,1,0,1,Wed,0,Apr,2014,4
1363,1,1,0,1,Thu,0,Apr,2014,4
1364,1,1,0,1,Fri,0,Apr,2014,4
1365,1,1,0,1,Sat,0,Apr,2014,4
1366,1,1,0,1,Sun,0,Apr,2014,4
1367,1,1,0,1,Mon,0,Apr,2014,4
1368,#N/A,1,0,1,Tue,0,Apr,2014,4
1369,#N/A,1,0,1,Wed,0,Apr,2014,4
1370,#N/A,1,0,1,Thu,0,Apr,2014,4
1371,1,1,0,1,Fri,0,Apr,2014,4
1372,4,1,0,1,Sat,0,Apr,2014,4
1373,1,1,0,1,Sun,0,Apr,2014,4
1374,#N/A,1,0,1,Mon,0,Apr,2014,4
1375,#N/A,1,0,1,Tue,0,Apr,2014,4
1376,1,1,0,1,Wed,0,Apr,2014,4
1377,1,1,0,1,Thu,0,Apr,2014,4
1378,1,1,0,1,Fri,0,Apr,2014,4
1379,4,1,0,1,Sat,0,Apr,2014,4
1380,2,1,0,1,Sun,0,Apr,2014,4
1381,#N/A,1,0,1,Mon,0,Apr,2014,4
1382,#N/A,1,0,1,Tue,0,Apr,2014,4
1383,#N/A,1,0,1,Wed,0,Apr,2014,4
1384,1,1,0,1,Thu,0,May,2014,5
1385,#N/A,1,0,1,Fri,0,May,2014,5
1386,4,1,0,1,Sat,0,May,2014,5
1387,1,1,0,1,Sun,0,May,2014,5
1388,1,1,0,1,Mon,0,May,2014,5
1389,#N/A,1,0,1,Tue,0,May,2014,5
1390,#N/A,1,0,1,Wed,0,May,2014,5
1391,1,1,0,1,Thu,0,May,2014,5
1392,1,1,0,1,Fri,0,May,2014,5
1393,1,1,0,1,Sat,0,May,2014,5
1394,2,1,0,1,Sun,0,May,2014,5
1395,#N/A,1,0,1,Mon,0,May,2014,5
1396,1,1,0,1,Tue,0,May,2014,5
1397,1,1,0,1,Wed,0,May,2014,5
1398,2,1,0,1,Thu,0,May,2014,5
1399,#N/A,1,0,1,Fri,0,May,2014,5
1400,1,1,0,1,Sat,0,May,2014,5
1401,#N/A,1,0,1,Sun,0,May,2014,5
1402,#N/A,1,0,1,Mon,0,May,2014,5
1403,1,1,0,1,Tue,0,May,2014,5
1404,1,1,0,1,Wed,0,May,2014,5
1405,1,1,0,1,Thu,0,May,2014,5
1406,#N/A,1,0,1,Fri,0,May,2014,5
1407,3,1,0,1,Sat,0,May,2014,5
1408,2,1,0,1,Sun,0,May,2014,5
1409,#N/A,1,0,1,Mon,0,May,2014,5
1410,#N/A,1,0,1,Tue,0,May,2014,5
1411,1,1,0,1,Wed,0,May,2014,5
1412,1,1,0,1,Thu,0,May,2014,5
1413,2,1,0,1,Fri,0,May,2014,5
1414,#N/A,1,0,1,Sat,0,May,2014,5
1415,#N/A,1,0,1,Sun,0,Jun,2014,6
1416,1,1,0,1,Mon,0,Jun,2014,6
1417,#N/A,1,0,1,Tue,0,Jun,2014,6
1418,#N/A,1,0,1,Wed,0,Jun,2014,6
1419,1,1,0,1,Thu,0,Jun,2014,6
1420,1,1,0,1,Fri,0,Jun,2014,6
1421,3,1,0,1,Sat,0,Jun,2014,6
